RA,DEC,Target ID,Sky Cell ID,FWHM (arcsec),Sigma PSF,minlevel,Reff (arcsec),Reff_maj (arcsec),Eccentricity,Luminosity
244.65818743805127,43.113988242810855,39633132126734737,3631686,0.9858610033988953,0.4186566211202513,108.76211,1.7340277224578982,2.0189797505077447,0.25143064510014923,0.0006148776921071546
245.80921570606057,42.94856961628293,39633132143509674,3631685,1.0324699878692627,0.4384496344202357,99.51437,1.1179904962286853,1.2038343587444538,0.10917624443370066,0.00011850775010582379
109.26242606491772,43.19841239817925,39633134886585847,4404655,1.0538749694824219,0.44753949317964586,149.89023,1.255318852806086,1.5047605821569525,0.28525950048777793,0.00037817861727256445
134.03111892271318,43.57924104416654,39633139596788436,4502570,1.1447799801826477,0.48614329685120455,119.215485,1.500722331586543,1.7426098413560047,0.25306060272765796,0.00011755666753534536
141.2246742785147,43.617703885638626,39633139684868563,4604206,1.1070299744606018,0.470112345440839,82.04775,1.372829507208683,1.8248987205286842,0.37718391870639634,0.00021109073066676395
156.7556965193387,43.520154377334514,39633139873613248,4577302,1.1316699981689453,0.48057600008839396,66.41666,0.8301344358975792,0.8506905731076592,0.047206609307199776,1.4536831486490227e-05
234.01164298139832,43.50345739323824,39633140817331167,3626099,1.2628350257873535,0.536276658784241,124.66939,3.0353610801818616,3.1267969382280665,0.05424866803262518,0.003017326525094051
239.34909304930872,43.54812785006554,39633140880247964,3626730,1.0104700326919556,0.4291071136515126,99.78516,1.1441825501845508,1.3386930807696302,0.22652893286868048,9.276463704933332e-05
235.97628707374236,43.71091766783344,39633145225544957,3626735,1.045419991016388,0.44394899441356167,96.25209,0.8503022068381764,0.9687213305826975,0.22966905373648328,3.4752115926843776e-05
130.58336629588428,43.97916104185097,39633148316746762,4502598,1.054805040359497,0.44793445791550235,114.9464,1.059807642558104,1.0658516760753263,0.00844139942413935,0.00010754663756331286
184.46993919624737,43.91786720459943,39633148966866324,3477539,1.1342400312423706,0.4816673926467546,105.17667,1.222616583827057,1.3860960543634842,0.21076655499327346,0.0002670177899246983
108.38379750859404,44.586823612037485,39633156734714445,4404673,1.0243000388145447,0.43498017650052845,97.53712,1.507952694121834,1.8442824956114137,0.25316771452446307,0.0003137398711467412
143.52642937500093,44.405855095988095,39633157154146331,4604441,1.0074450373649597,0.4278225164130191,105.784935,1.6030086831322328,1.7683612579213808,0.15635931829622496,0.00017758358088743075
205.64520524077375,44.778474727912325,39633162212475206,3904537,1.0186799764633179,0.432593555763591,122.95763,0.9461583841756558,0.9722298248270362,0.05098426627951058,3.6923541428452757e-05
216.33487687005612,44.85243298837606,39633162338306245,3904602,1.0492899417877197,0.4455924111916284,91.140594,1.179308858784468,1.3011153030607299,0.17585110295387985,8.807910266782934e-05
207.5064612929376,45.02612389197157,39633166528414019,3446983,1.0366400480270386,0.44022049592049145,99.23016,0.7498504666186391,0.7535108412990218,0.008213285146463356,6.55371518455172e-05
202.352244503381,45.56395237251304,39633174996717113,3904467,0.9500904977321625,0.40346628598521017,71.94064,1.139044276621056,1.3853260807996113,0.3164344758466414,0.00014396176641023723
210.7008351469045,46.122656492582664,39633183548901670,3447000,0.9841259717941284,0.4179198210371927,100.53396,2.6967321142676273,2.7981047139076365,0.0654407684197914,0.0008304318573516564
155.66094578247657,46.55216511324631,39633191291587646,4595914,0.9908740222454071,0.4207854542160499,94.97421,1.7425380864453592,1.7772844138045176,0.03121120270832889,0.0001714742268037737
162.73727610995402,46.59293424181548,39633191375471656,4575130,1.2737200260162354,0.5408990927795058,91.759056,1.3273241314292583,1.551028803525153,0.23372671845150883,2.6541428043272467e-05
204.49673999043833,46.43829303351174,39633191857818063,3904493,1.1011899709701538,0.46763232430174123,87.9198,1.6921665841110454,1.8578279923439012,0.14209042767405877,0.0002981225823205756
129.8802394644548,46.98640287940584,39633199302707617,4502959,1.0987200140953064,0.46658343019195164,70.141304,0.9574950524651153,0.9924892181897443,0.06011194855438817,3.2033562195017105e-05
168.11242932379534,47.149614420532195,39633203866110118,4456811,1.1696199774742126,0.4966918724606153,97.91979,0.9500354897382918,1.022569929753029,0.12377246542086462,0.00010064221095578878
206.9986722624982,47.236280002517994,39633204310705961,3904569,1.0584800243377686,0.4494950799197299,108.787766,1.2528796898351453,1.4978329353508844,0.29451315908295117,0.00020645153740069447
175.95384822456052,47.51826620071031,39633208060412084,4456908,1.0874099731445312,0.46178049802112986,144.15808,1.0349520869866373,1.1486000960351286,0.1870906530254467,8.419192215604921e-05
201.3781622101012,47.867587371802294,39633212430879159,3904528,1.2279900312423706,0.5214793520352555,118.24924,0.9950680973907606,0.9955571955518799,1.1102230246251565e-16,3.7804462917569816e-05
211.30544948473485,47.71965247828586,39633212544124680,3554302,1.0492349863052368,0.44556907374696936,113.04613,1.2618392764008284,1.451246323796934,0.2391553663791467,0.000210796416045249
218.49051630030976,48.05384568338102,39633216688096245,3905685,0.9825719892978668,0.41725990543152225,83.860725,1.7803680376428632,2.172354735016394,0.3368089839712639,0.0006888096800195474
156.82658268904763,48.1796453429362,39633220039344518,4596066,1.119504988193512,0.47540999600196554,107.466736,1.546388697630088,1.5471487821613576,0.0,0.0003121578938816898
200.85662422453228,48.47411141447852,39633224556611819,3905435,1.069540023803711,0.45419182924852924,110.51472,2.052947200592361,2.124215042120408,0.05987654632279671,0.0005372577337510134
136.7806886469911,49.12884685157589,39633235805735341,4570306,1.1097399592399597,0.4712631700166177,96.84865,1.3346242671124413,1.5974886158190857,0.25338063661454324,0.00016076174805520026
127.64845442627832,49.45533187767096,39633239656106038,4499729,1.1088299751281738,0.47087673534459,73.79719,1.3799826818201615,1.48710335479693,0.1260063735443454,0.0002600001670193647
133.10369005158947,49.594082863390625,39633239714827387,4499841,1.1450300216674805,0.486249479693227,115.85493,1.1873897957390367,1.344027067423805,0.20106413999473505,0.00013166343079999557
169.65164999196068,49.466275338712926,39633240117477542,4456940,1.1398999691009521,0.484070946952539,73.268845,0.9037336566933108,0.9072228161228124,0.007245660258779818,1.565218741841951e-05
170.43902004504417,49.69900550517816,39633244051735358,4456947,1.299239993095398,0.5517364249709884,108.907936,1.4818852450441764,1.8619022352562256,0.30424609859042273,0.0002223811430112662
209.38617896217147,49.82855741325417,39633244475360580,3446710,1.1456199884414673,0.48650001551452327,120.9402,1.575354388213045,1.9569096305864324,0.3236815224149764,0.0005134899976906006
166.85004599843202,50.12439305178392,39633247923077318,4457007,1.133275032043457,0.4812575952183057,109.91394,0.7502912690091357,0.8668478593559478,0.2352660811638908,2.4600009039769152e-05
272.07581380032724,50.02912092986264,39633249059737537,3668980,0.978115975856781,0.41536761075257694,119.41151,3.2112704213253647,4.044790762263447,0.3541642493629148,0.001930533560116637
168.2267303394652,50.18846802893702,39633251823783263,4456958,1.0614299774169922,0.4507478096497356,89.62474,1.4144247970084933,1.4189341151963413,0.004736453186881873,0.0001453852551101937
171.54114631235117,50.184942591159675,39633251861529614,4457103,1.049174964427948,0.4455435848025316,86.4522,1.2997261603541803,1.3296918793664694,0.04934401806012023,6.12176692186671e-05
127.81296392319294,50.37603604240288,39633255258917154,4499745,1.1500200033187866,0.48836852979297274,139.09705,1.555585290954229,1.6298071723109413,0.07860284834637554,0.00013162967292706183
169.7017481903356,50.5455146196251,39633255707708375,4456964,1.3513400554656982,0.5738612843547192,71.453125,1.8030450465771373,2.1289681309913266,0.2323977703887793,1.8016241860506474e-05
221.0444798078957,50.57851285542849,39633256257162420,3558099,1.016480028629303,0.4316593239361284,116.65653,2.230909922710339,2.2994997705276856,0.04202420042943955,0.0013008269721669979
213.259955879131,50.69475938524121,39633260019451571,3905691,1.0805100202560425,0.458850357816553,100.08669,1.075660628264888,1.1194329108603598,0.0649614624369329,0.000130192285918028
274.74515926584445,50.70757378379787,39633260673763918,3687382,1.0491250157356262,0.4455223735458892,104.25668,1.4454084959376432,1.6781447794368345,0.23342108941191153,0.0004481747133956263
168.4732068288684,50.98405328239461,39633263366507919,4457010,1.059095025062561,0.44975624668110953,104.64271,1.3129484655277268,1.405034785861296,0.11509825049923061,5.035281678607587e-05
130.77004915875412,51.24762099868733,39633266776475023,4499882,1.15236496925354,0.48936434513763216,133.03873,1.8617624707040186,2.28564628911465,0.3303479744601503,0.0003308472192480271
163.4792481564486,51.33520413230849,39633267120408247,4596757,1.0406099557876587,0.4419063605236051,102.362526,1.453910396230124,1.8192648339782842,0.352707949085717,0.0011251663210411684
169.50676733169166,51.24332335635369,39633267183323355,4456980,1.2090599536895752,0.5134404882618895,80.9271,0.9205833262390315,1.0044392435514222,0.14093390596198152,5.226000179234758e-05
277.1410157516188,51.16097847763086,39633268315787999,3687384,1.163830041885376,0.49423311320168406,91.50054,1.5932201592883732,1.596227136533386,0.0030817466765243884,0.00015645177444612328
191.06448701163907,51.417534701508934,39633271193077976,3905311,1.072540044784546,0.4554658208587016,127.68464,2.147752077133981,2.2855491499423404,0.08928054478217018,0.0006152261225936328
207.3070115961129,51.585028121716405,39633271365042984,3905684,1.118690013885498,0.47506390827873013,71.719475,1.3435526309504762,1.606065971280374,0.2654942019186628,0.00011269689257305414
190.330763637027,51.70537034004639,39633274946980310,3905322,1.163159966468811,0.49394855837212126,111.75165,1.5141908530696426,1.7825535881294396,0.2506922548994722,0.00033649292193794057
277.9314919052558,51.65389574464799,39633275861337200,3687397,1.200850009918213,0.5099540461498111,94.369194,1.0629938883996748,1.1083531757291634,0.058975513943241076,0.0002581424298453808
122.78407123592034,51.93869905057665,39633277987850681,4422494,1.019860029220581,0.4330946780297078,78.98658,1.2186334703871438,1.5716707473963092,0.38711535558120747,0.00019036996055137902
197.91255667937128,52.068305551022824,39633278767989732,3906210,1.0867599844932556,0.4615044732553958,97.29385,1.706949372672426,1.9449151572087982,0.2033388698018569,0.00016977998391844433
123.23244513106654,52.36553864950661,39633281720780408,4512489,0.978422999382019,0.4154979916391699,105.20613,2.6957157334887225,2.870144700052804,0.12215072965895457,0.0010631237747546012
217.81394184051473,52.30435243350296,39633282698051852,3906436,1.01767498254776,0.43216677414277094,84.42238,0.7696745836975758,0.8312154067767605,0.14377826556687068,1.8108696843052835e-05
128.70300285140186,52.5238063625338,39633285483071602,4512597,1.1194900274276733,0.47540364274967767,103.5556,2.071317776991824,2.2687509935164902,0.1350805542313731,0.0007750054384318287
191.27651189652755,52.53778009345107,39633286124799864,3906120,1.1581899523735046,0.49183798771268,93.67695,1.1985079596691925,1.2937135107574946,0.13314144930526528,0.00026069325588934605
209.7553925951952,52.512652021469286,39633286313544216,3906354,1.189329981803894,0.5050619406411001,110.82247,2.0138509528041615,2.111214147182259,0.0808065249155302,0.000566320525716412
158.56316643148784,52.87080784433115,39633289471856065,4596880,0.9994419813156128,0.4244239314272005,112.45118,3.938282564597359,5.043303196722461,0.3800204171525,0.007311423310198355
206.53424050205388,52.81198707916185,39633289962587991,3906369,1.179360032081604,0.500828092817642,126.749916,1.129819558499194,1.2154331556167493,0.1354858770339794,7.548630625686025e-05
216.47857920552855,52.79542535661958,39633290063251922,3906458,1.0402100086212158,0.44173651859989344,89.43377,1.117294318427428,1.1434500916523134,0.04382469761760932,1.2856448851287163e-05
226.0346932457437,52.768150037937815,39633290163912807,3906609,1.0580400228500366,0.44930822849188495,104.4359,2.0477170578685597,2.330840047604724,0.2095990234062074,0.000285436411449201
267.9092410206602,52.66174736070438,39633290587542042,3678547,1.0427500009536743,0.44281515403015415,84.2989,3.67488128733004,3.998633658135108,0.14014585973889915,0.0008959623506682875
281.00110833135886,52.836468011494695,39633290721759788,3690921,1.1092599630355835,0.47105933439640163,96.34737,0.9400724134260965,0.9819463739367842,0.08933531387606841,4.3930262482009904e-05
157.31373363952704,52.99042425213808,39633293125091960,4596882,1.2316800355911255,0.523046352603533,112.70759,1.4927562005163793,1.580973039531348,0.08931722341225468,0.00017402170005835786
182.98687386678012,53.275852753966845,39633297025794577,3906048,1.2592600584030151,0.5347585099168224,87.00389,0.9999533692493173,1.0739753044376066,0.12903150227453353,4.229536371574422e-05
211.97093230198823,53.61428083051969,39633300934886632,3424814,1.0640900135040283,0.4518774229688719,81.93332,1.9478132400757162,1.9630677084400634,0.010222631702269447,0.00021671586312908207
272.72087838523174,53.378717327392074,39633301543061669,3906846,1.1524600386619568,0.4894047173981866,109.563995,2.587679553416841,2.764507975558775,0.06867242411149954,0.00048022064485844004
167.90073548750382,53.6699945658389,39633304093197070,4470136,1.0728749632835388,0.45560804764995877,67.509094,0.9947011087868491,1.0542332566382124,0.10929070343235336,0.00019228441614428082
121.55906604139604,54.153774017620165,39633310766337932,4512535,1.1544100046157837,0.4902327916953889,95.61031,0.8343266409658618,0.864961356350258,0.06472620833161069,3.989781763360523e-05
172.95474529667376,54.22072170945322,39633311273846597,4470137,1.2553499937057495,0.5330980583228603,78.93732,1.2888286101609905,1.48042867895501,0.23773639827783866,0.00014700133065878777
203.92513173590208,54.233896015104946,39633311580029314,3906306,1.1774200201034546,0.5000042455847108,100.13956,1.4442185055079537,1.6525731230039702,0.22017851466234784,0.0006451767288359251
279.9430442081954,54.18636317240925,39633312326616760,3690928,1.1523699760437012,0.48936647132564887,129.47394,1.0040717957665417,1.0237184409577818,0.03797194633225387,3.111094174633524e-05
148.04445444006697,54.412949431072335,39633314562180345,4597329,1.1543049812316895,0.49018819237056327,99.93255,4.329916443418768,4.411243917650215,0.041392602800159994,0.0015772264571102144
206.4864214312428,54.57519966184676,39633315132607325,3906403,1.1694049835205078,0.4966005729347095,137.06743,1.0262144659529646,1.0597002086339589,0.05830192407092971,0.00012354511120406584
174.95678261194132,54.64058070358756,39633318337053835,4464287,1.1548399925231934,0.49041539074720053,97.43223,1.375795290918825,1.4329109093494072,0.07164960766113171,0.00019712226395063022
125.34913898377124,55.085711170435175,39633321344372690,4512548,1.125309944152832,0.47787513382494673,117.695274,1.4207560648642394,1.7840325639143295,0.3594741679274046,0.0002643153749754351
173.90156442898697,54.94853139627716,39633321814134437,4464293,0.9903420209884644,0.42055953408339886,143.7411,4.6079458767207,7.041379158974944,0.5653827467060732,0.009521453013262664
177.37695805266594,54.992131025951146,39633321847688671,4464255,1.2592700123786926,0.5347627369810937,66.37838,1.7702400160167464,1.807986379207618,0.0313051050121107,0.00019990962671377166
173.92039399690768,55.18013627539491,39633325287014751,4464292,1.2261899709701538,0.5207149368197425,111.87532,3.518196063639202,3.517704524594033,0.004357998827247966,0.0013894866991899938
98.52845537720876,55.5386244953198,39633328013314111,4339652,1.1697100400924683,0.4967301185331531,115.21651,0.8066347714637798,0.8333678924384699,0.06321400700784907,0.0012861403355122244
104.25439300446912,55.690527082839125,39633331498781991,4339782,1.301015019416809,0.5524902092464182,220.5211,0.9059481861187488,0.9063934798559935,0.0,9.689864038965096e-06
104.30634187648896,55.71250826367479,39633331498782442,4339782,1.2916500568389893,0.5485132758083062,234.95134,1.3788804685789824,1.4741433373551966,0.11385438400630288,0.00017859675456201947
105.8093134189882,55.9832750688301,39633334921332898,4419118,1.182129979133606,0.5020043810260963,127.33192,1.100134950980683,1.1960805747376533,0.15273915942564342,2.198507618439951e-05
177.44816680284418,55.941313742078904,39633335596614810,4464267,1.1629300117492676,0.4938509055939275,107.46455,1.4544051339665043,1.6510703043306627,0.1979602843126348,0.00023426542067722826
105.58973254051644,56.22424743097443,39633338301943719,4419118,1.220960021018982,0.5184939815657696,93.7402,1.1446961240478073,1.2350112770813269,0.1401947108710596,1.1502295269028379e-05
148.2241346567353,56.21564776110948,39633338704593040,4597068,1.1352800130844116,0.48210903227192914,71.29896,1.3268123427033678,1.43078186742091,0.12985049033963247,8.812790391071767e-05
177.0295163359908,56.16052128574557,39633338973029842,3486073,1.1195150017738342,0.4754142483779989,68.280655,0.8811968230928837,0.9002673108745306,0.036509416756443036,4.665215298291018e-05
115.9020180402194,56.4169190194813,39633341762244228,4419381,1.1013100147247314,0.4676833021906168,126.79475,1.059326049900887,1.1760693596973684,0.1811771231966417,0.00017321378001912267
178.0912299552222,56.5801696621389,39633342341057650,3906954,1.0879299640655518,0.4620013178337172,85.633736,1.057515370583477,1.0597864787754667,0.0075152191901238785,5.950643528352793e-05
109.34685171770082,56.702590841074326,39633345046381322,4419123,1.29830002784729,0.5513372584826228,98.585045,1.0731012310942887,1.0958050352873103,0.04069047657827063,3.173047572047302e-05
181.84002471479832,56.68263641538649,39633345717469376,3906949,1.3286550045013428,0.5642278301923832,115.31773,1.1276567489096008,1.128460743970374,0.0019042670402963369,0.00010283750130240694
184.0036098318516,56.67265672866815,39633345734249672,3486180,1.330899953842163,0.5651811724002337,75.012505,1.4654791107623029,1.5606156710121613,0.11991110141273587,9.402094227889735e-05
271.80266237908575,56.75177110345059,39633346547943757,3688850,1.0439800024032593,0.4433374875529133,82.59586,2.0883007818886288,2.4291569303226717,0.23277397544258094,0.0004932214127942014
107.03093816616848,57.12080621801355,39633348347299038,4419188,1.1961300373077393,0.5079496583323923,108.605286,0.8698930962835223,0.8697847924723525,0.0009169901456397289,0.0011691169484072206
167.94921683377487,57.122875546469835,39633348905142644,4470212,1.0472899675369263,0.44474310032602166,97.97948,1.5178486957141197,1.6516962432726652,0.15179783901539579,0.00041256811279700805
176.67745039162384,56.89290100256731,39633348984834530,3486092,1.2369799613952637,0.5252970238662148,79.23726,1.2427965953657467,1.3409443827082543,0.12815073368757823,0.00019068198706865272
184.17337900833311,57.17065657412764,39633352348664008,3907037,1.175860047340393,0.49934178614694896,86.88638,1.6537742865753795,1.688709617107903,0.03902834706742009,8.817403798321964e-05
192.76871457273225,57.255245440999246,39633352424163984,3907129,1.2298500537872314,0.5222692308834442,79.94435,1.4934443617249598,1.7636721716059358,0.23742672589300262,0.00016815165274231035
268.71018598933927,57.62420448127105,39633356383587555,3907879,1.0290400385856628,0.4369930690700139,101.42865,0.8517625953825403,0.8608122204588721,0.016918957898131692,0.000605910129709553
176.313258667355,58.49987320228296,39633368412849053,4464349,1.125660002231598,0.47802378980377813,91.596146,2.224686675612039,2.5460729521496246,0.22057891830520415,0.0006155295700962495
169.33401461447207,59.17163991272351,39633377766146345,4464377,1.1359149813652039,0.48237867847361326,88.622314,1.3783171009048978,1.4901621746060134,0.13473015921206577,0.00014903864392327363
188.6353269371228,59.2892875017748,39633377929726492,3907078,1.217360019683838,0.5169652017582678,76.97409,1.4779287364898215,1.501407010807706,0.026368554898598018,0.00011500752096715835
282.9987117249711,60.101830472568736,39633387937333926,3690637,1.3725000023841858,0.5828470864601236,106.94566,1.3641334555358746,1.6131987329225623,0.2613031063986042,0.0002770734362198161
282.80770569300466,60.532864386750695,39633393943578264,3690681,1.3414799571037292,0.569674086108817,143.38545,1.9678852504220663,2.2675675472831713,0.2498694531125647,0.0007063025879202377
185.4088115598498,61.008184140902785,39633399069018009,3908153,1.238669991493225,0.5260147135688856,88.88634,1.185912076130329,1.1899519400526462,0.004595024883893295,1.839395884927876e-05
106.9035280469854,61.40709207788578,39633404274151740,4378225,1.1171200275421143,0.47439719646493494,78.621445,2.046097670236647,2.184836073030367,0.13221477110305324,0.00017679273966311385
270.46451254457287,61.39133150023059,39633405591160833,3908860,1.0761199593544006,0.4569860706023747,155.96562,0.9220719473262013,0.9865418310887626,0.12102143503183105,3.532280283973149e-05
281.2550205007501,62.08402419155521,39633411417048343,3908908,1.1235899925231934,0.4771447376177002,134.51529,2.2916352262613833,2.306253865140246,0.015167070946598749,0.00048699310278188307
189.5464660012016,62.66095267515855,39633419134568329,3908268,1.2755999565124512,0.5416974257562369,67.16077,1.3084472749945686,1.4498303857641688,0.1534935793263016,0.00010316732050556046
195.4183590128319,62.73185653006313,39633419180705340,3908262,1.261989951133728,0.5359177886211436,74.96634,1.180567811944341,1.2114147979757965,0.04641236079010358,5.965531149880907e-05
183.393360523864,63.37301687135635,39633424608133702,3908214,1.256725013256073,0.5336819753628163,75.58924,1.3505678332729836,1.4386293418994127,0.10926000061624785,0.00013069479786219877
191.69704519102257,63.18496005888933,39633424671048323,3908276,1.2729500532150269,0.5405721154366582,103.060524,1.5086322028225534,1.6986714150205158,0.20517125989702611,0.00025860912745402686
270.5741656234119,63.36012007087433,39633425270833328,3908889,1.062624990940094,0.4512552851681403,142.24857,2.394775483276317,2.478224069765363,0.07356232378365357,0.000639765136365196
128.22375983769274,63.494421434629665,39633426915000712,4513351,1.192145049571991,0.5062573898534666,68.7765,1.5280162278788492,1.7315454201105112,0.19041497936242402,0.000198231931375197
112.2205175096596,63.82129281411099,39633429494499441,4419507,1.2691250443458557,0.5389477837272171,118.92984,1.243010683299396,1.4729576989743192,0.278426269087813,0.0002008498763149912
142.32658691456797,64.11715031373906,39633432396957109,4587063,1.2257499694824219,0.5205280853918974,75.8523,1.0882626164428324,1.0887975217884192,0.0,8.968707991496685e-06
268.5695014828067,63.913453935547054,39633433332287316,3908896,1.0536199808120728,0.4474312094613689,199.14177,0.5492626870667272,0.6731456383680487,0.3343268202576819,1.0994325765687998e-05
142.46391587616392,64.62372334588211,39633437685976071,4587073,1.1982500553131104,0.5088499470868747,95.563515,1.0843522866890682,1.1204493396154547,0.06103354045256293,2.334188089978234e-05
108.8845533044244,64.92624903911208,39633442639446541,4424682,1.292859971523285,0.5490270792672367,344.0274,6.014409663107311,6.385333886537355,0.11232538045652651,0.0152712974208389
179.2257248365271,65.18839893458005,39633445692902037,4472530,1.3190799951553345,0.56016169810462,102.04676,2.4511777205672765,2.590120229205444,0.0854139297619172,0.0007898641985813633
178.73753797581676,65.79641788887929,39633450734455794,4472539,1.3090800046920776,0.5559150931530619,98.083015,1.465929634298518,1.5364512996509438,0.06985603701382281,0.00022507974416119696
184.41948141250413,65.73856107783386,39633450776396710,3909029,1.207859992980957,0.5129309118672303,68.95484,1.6123945782502866,1.6845763314083002,0.0691777092833541,0.0001509327183558789
112.42277108723582,66.46003895887767,39633457676027948,4424699,1.1431050300598145,0.48543201102434586,127.85356,1.1244073118708784,1.1249599831403394,0.0,9.836692901296931e-05
291.5177632871812,66.84107639134515,39633461287322525,3909798,1.0299700498580933,0.43738800849410825,176.14449,1.2588188675930256,1.310284815835274,0.07628436450877052,9.654833841705806e-05
268.8723518726755,68.25714899925615,39633475061419289,3695667,1.136489987373352,0.4826228610426217,225.44753,1.238851571970333,1.3911687327925066,0.19494145105982097,0.0002910340993341523
94.60743364275524,68.5535974388082,39633476219047591,4370293,1.270080029964447,0.5393533287796327,146.8514,1.511325059423242,1.6264657889569087,0.11312350689258055,0.00022205010348051897
143.5551377993077,69.3251311565043,39633483110288708,4575274,1.1127400398254395,0.4725371869385521,109.79231,2.041135374365342,2.4295053545102188,0.2841087220164955,0.0004153630651726332
161.52280134834322,69.4951251168868,39633485362629517,4577035,1.185920000076294,0.5036138547311828,135.03291,0.9636845656505506,1.181534563859548,0.3280375600917462,7.747846174447457e-05
288.62464490828773,69.83274803090352,39633488227338718,3695809,1.1810050010681152,0.5015266468281627,169.22745,1.3681516709022024,1.6114076968718616,0.25208047806086786,0.0004163756558744053
104.34733187773644,69.98710531897821,39633489246555564,4423858,1.07573002576828,0.45682048105469636,131.248,0.9640475860076211,1.1553781839164274,0.3030638328120059,0.00015506303885379197
191.7281127182411,70.06361107242876,39633489754063344,3910077,1.0968600511550903,0.465793576655525,216.40161,1.3402594492336721,1.438497095812483,0.11700740100198337,0.0001396270300105085
154.99293991737352,70.89738243367245,39633497668715130,4588162,1.1162099838256836,0.4740107364811451,151.28468,1.1607732685958354,1.428228055957237,0.3011335690614292,0.00011974249618790097
193.23085475454977,70.91428945370612,39633497878430898,3910093,1.3302299976348877,0.564896668194195,127.5384,1.6713636115394253,1.7295287141120408,0.055107886943661866,0.00020631672697988098
269.73523493347165,71.61266860722749,39633502194371755,3910482,1.215529978275299,0.5161880547264168,146.47337,1.5061803475604063,1.5685085299966286,0.06020199074653554,0.0005541954063679881
135.8626162390746,73.82879983420843,39633517885260530,4516995,1.1515699625015259,0.48902673685470127,109.903145,1.6323537167724693,1.737621018738752,0.10589909540945541,0.00011511514385613168
142.96389127802186,75.45400836106488,39633529239242879,4575421,1.173604965209961,0.498384140939541,132.60889,1.2424888334657513,1.2479856451104827,0.008415359565917435,8.46733167484516e-05
259.40987111227395,75.62938836722428,39633531239927768,3649486,1.1780200004577637,0.5002590337820404,99.74495,1.4136477191359,1.6503778921244365,0.26267169402084733,0.00031013629161479506
114.64060722412964,75.8968470311274,39633532133310923,4424195,1.0688999891281128,0.4539200315470664,82.46523,1.2349860997058328,1.3596343777476683,0.170011502187687,0.00010777971911169651
125.68766860181128,76.61974392275216,39633535086103238,4424221,1.1917299628257751,0.5060811187421806,132.41252,1.494273794997063,1.5225285272592541,0.02889450074145028,0.00017020196679771107
127.34902522680898,77.02178427930531,39633537904672910,4424230,1.1864700317382812,0.5038474316718701,131.25354,1.9652953669335627,2.3435819011414316,0.30006375862903856,0.000507291557836272
159.86797296484784,78.91507623430849,39633548235245105,4578511,1.515589952468872,0.6436117934646478,123.34683,1.733786837904996,2.0699374716217163,0.29212928071125366,0.000391012592173543
157.7189219275464,82.01205157716485,39633560407115140,3912136,1.5227800011634827,0.6466651260153804,198.2603,1.2685933471439523,1.2775574241368122,0.022075910949449495,2.1462819064590005e-05
131.06508857256182,84.41284543818043,39633567646484065,3912829,1.4524999856948853,0.616819951384351,103.3974,1.1672793021800716,1.1678530459888683,1.1102230246251565e-16,1.4746436256756454e-05
67.40502465646732,-12.979895831432206,39636270351128155,4283081,1.1484900116920471,0.4877188021715488,96.935936,1.612164101780254,1.8472875784898017,0.22500666797627178,0.0003662339047513102
64.12569212201399,-11.259488030341686,39636311660827080,4288016,1.1343200206756592,0.4817013610314969,107.75441,2.2514606616269575,2.9882789945274144,0.3200653339322552,0.005586526685217237
352.88284799009426,7.171499606969602,39636761525095880,3960055,1.1886600255966187,0.5047774364350615,101.67041,1.5591081751703475,2.013915822797007,0.3893359777774307,0.00032555000094389603
175.5107321242272,56.40371124099615,2305843015505153711,4464305,1.1559199690818787,0.4908740145647463,91.52652,1.2347235750805357,1.3436195872826013,0.1534318326964793,0.00023404237938922794
201.31730832315665,52.456635606131975,2305843020857087738,3424889,1.1136599779129028,0.4729278486748511,91.16452,1.6283834585454,1.9030548196706227,0.25841539764448374,0.0010951710816797444
357.70492,6.15819457,1239999939308683264,3584463,1.158810019493103,0.4921013059738384,80.11363,1.017440691611643,1.1385597760166528,0.20376572921953806,0.00010744430004626344
251.9555515,29.94959628,1239999939308683264,3584463,0.9170690178871155,0.38944335463012525,80.11363,1.0121056070589893,1.1223378774464157,0.18570832253394853,0.00010668231879872179
219.3350999,18.00774275,1239999939308683264,3584463,1.1268800497055054,0.4785418962622661,80.11363,1.018524690473443,1.13978303639981,0.20391959132282966,0.00010745002379527091
140.3406738,60.3343248,1239999939308683264,3584463,1.150920033454895,0.4887507374007293,80.11363,1.0173887889174307,1.1383827221749692,0.20347808876940165,0.00010744485188012197
121.8080087,53.29427742,1239999939308683264,3584463,1.128890037536621,0.4793954595039062,80.11363,1.0184515342776945,1.1397293171838692,0.2039097300258761,0.00010744968235664971
206.6492166,60.36175994,1239999939308683264,3584463,1.3611799478530884,0.5780399019132685,80.11363,1.0107559372795394,1.1343094894999712,0.20774976781703725,0.00010745488262104037
239.7387863,27.12821166,1239999939308683264,3584463,1.0033349990844727,0.42607714385720113,80.11363,1.0209514404988271,1.1410132540892701,0.2011122344653643,0.00010744180498811629
199.4989467,43.61413941,1239999939308683264,3584463,1.149359941482544,0.48808822733944324,80.11363,1.0174325632346553,1.1383739166739413,0.20346332044672177,0.00010744441684973443
137.2345538,5.88930011,1239999939308683264,3584463,1.125415027141571,0.4779197584615345,80.11363,1.0182101742174772,1.1389774476127497,0.2029305420721067,0.00010744355451767113
228.4095427,12.78473341,1239999939308683264,3584463,1.1107499599456787,0.47169207782545447,80.11363,1.0187895335811445,1.1393959700095595,0.20275087990212692,0.00010744311042498188
145.8313591,5.89552094,1239999939308683264,3584463,1.1365699768066406,0.48265682942736404,80.11363,1.0183914705026482,1.1397195856219007,0.2040044435258178,0.00010745010704628313
216.9064433,21.12223643,1239999939308683264,3584463,1.165910005569458,0.4951163924520332,80.11363,1.017321756014189,1.1385808549660648,0.2039028289550885,0.00010744508927196649
123.8824491,12.8763706,1239999939308683264,3584463,1.1789000034332275,0.5006327366377303,80.11363,1.01736622461347,1.138631073463212,0.20417565415522076,0.0001074464204502931
156.3427381,17.54240596,1239999939308683264,3584463,1.044670045375824,0.4436305218227807,80.11363,1.0202353488044442,1.1405048994554636,0.20196543120335986,0.00010744432542020376
217.758678,51.25452888,1239999939308683264,3584463,0.985665500164032,0.4185735985405532,80.11363,1.0103883944221816,1.1208332640164267,0.1861793541474419,0.0001066824125148242
196.8485828,21.00928638,1239999939308683264,3584463,1.0971100330352783,0.46589973418578534,80.11363,1.0187890141990443,1.1403350992194898,0.20380242616509414,0.00010746413488583789
14.07561506,-1.241840161,1239999939308683264,3584463,1.6123400330543518,0.6846977697750831,80.11363,1.0013456727828662,1.1284349429888103,0.2153672398754567,0.00010746629031129383
223.0734063,22.48712931,1239999939308683264,3584463,1.1740399599075317,0.4985688661793693,80.11363,1.0173930792978056,1.1386818867532331,0.20412559462414293,0.00010744609284064774
220.9813219,14.39273751,1239999939308683264,3584463,1.0092099905014038,0.42857202300065345,80.11363,1.0209291319122467,1.141096799056632,0.20117590793864382,0.00010744313841269085
116.1309524,39.8573123,1239999939308683264,3584463,0.9623299837112427,0.40866391711838634,80.11363,1.010863359875053,1.1213533986980928,0.18611080995774454,0.00010668240653101
199.6639135,1.236766601,1239999939308683264,3584463,1.110035002231598,0.471388463239028,80.11363,1.0187964527617226,1.13940517056932,0.20274503823699352,0.00010744308158253949
186.771293,-3.221644328,1239999939308683264,3584463,1.1038800477981567,0.4687746947489775,80.11363,1.0189434515699014,1.139417572861071,0.20246571493042465,0.0001074414876628562
221.3652012,30.44184791,1239999939308683264,3584463,1.3042099475860596,0.5538469703186676,80.11363,1.0128023621556317,1.1362711548242337,0.20726814211335187,0.00010745435804937469
135.260483,13.86932972,1239999939308683264,3584463,1.1462900042533875,0.48678454503232405,80.11363,1.017597889778217,1.1385095935701723,0.20328204252250093,0.00010744336292505864
174.502185,33.93234825,1239999939308683264,3584463,1.0968999862670898,0.46581053553613405,80.11363,1.018861122906906,1.14038134322809,0.20381379686048917,0.0001074633159788379
183.5720058,36.74441207,1239999939308683264,3584463,1.2338999509811401,0.5239890638713002,80.11363,1.0151374736274845,1.1372850602027305,0.2051532812896677,0.00010744831502335181
166.4750918,50.21398623,1239999939308683264,3584463,1.179735004901886,0.5009873291130325,80.11363,1.0172780763114015,1.1386070344978994,0.20421942787417646,0.00010744647513271953
233.8231719,37.38641399,1239999939308683264,3584463,1.2226500511169434,0.5192116712684405,80.11363,1.0155055361097602,1.1374568319514928,0.20512173489049745,0.00010744782013262063
207.6414814,27.54058291,1239999939308683264,3584463,1.3092700242996216,0.5559957870506466,80.11363,1.0126044650549615,1.1353768045046055,0.20638366282404041,0.00010744381561123273
222.4971382,25.39664133,1239999939308683264,3584463,1.1276400089263916,0.4788646212290804,80.11363,1.0184967193339534,1.1397629309572697,0.20391561380496648,0.0001074498915176494
175.7369629,9.882326698,1239999939308683264,3584463,1.2201100587844849,0.5181330358381797,80.11363,1.0156974850927254,1.1375369303399268,0.2048873952083783,0.00010744771500748425
353.6576496,14.09024685,1239999939308683264,3584463,1.1118450164794922,0.47215710551881224,80.11363,1.0187785770997397,1.139364300923875,0.20275964827935777,0.00010744315132151473
149.1807068,4.312322678,1239999939308683264,3584463,1.339169979095459,0.5686931287685121,80.11363,1.0114105946397671,1.1349694992022126,0.20771764791874625,0.00010745427658663
160.1958741,39.93106303,1239999939308683264,3584463,1.2695800065994263,0.5391409884073499,80.11363,1.0136736333834664,1.1365879145452198,0.206146701908814,0.00010745027236572612
186.5035485,10.07458068,1239999939308683264,3584463,1.2398600578308105,0.5265200882110357,80.11363,1.0147364726891672,1.13717167083484,0.2056724392703556,0.0001074485973304761
119.29755,13.29441907,1239999939308683264,3584463,1.1960500478744507,0.5079156899476499,80.11363,1.0168355019322801,1.1381512305617434,0.20422174099196388,0.00010744681919936782
205.9352164,20.25023702,1239999939308683264,3584463,1.0778700113296509,0.45772924924948327,80.11363,1.019698833226708,1.1402321434189326,0.20249744412713577,0.0001074461448911175
123.2791315,16.91441482,1239999939308683264,3584463,0.9788370132446289,0.4156738071387379,80.11363,1.0105230938443852,1.1210072632974435,0.1861601821657196,0.00010668239508151196
177.8278981,22.25161595,1239999939308683264,3584463,0.9903249740600586,0.42055229491943735,80.11363,1.0102842947722193,1.1208264239970551,0.18619361846471183,0.00010668241274587978
133.1365599,50.49982999,1239999939308683264,3584463,1.2227450013160706,0.5192519929054706,80.11363,1.0155880141330353,1.1375346005755906,0.2049739208765501,0.00010744782410856507
350.659415,15.36039923,1239999939308683264,3584463,1.0566099882125854,0.44870094869550786,80.11363,1.0197534148417253,1.1399642329005188,0.201872989546786,0.00010744161112736465
137.7488258,50.28212978,1239999939308683264,3584463,1.1377950310707092,0.4831770620738687,80.11363,1.0179673372065994,1.138946871344429,0.20352542455076783,0.00010744659776578154
231.6727937,44.17800889,1239999939308683264,3584463,1.28964501619339,0.5476618134429208,80.11363,1.0131825203526563,1.1362698900074155,0.2066964039474003,0.00010745023717742616
250.3716268,22.38060636,1239999939308683264,3584463,1.0192500352859497,0.4328356374563449,80.11363,1.0206062033459082,1.1406222308796112,0.20094971329605016,0.00010743951606140319
206.6416321,24.68292377,1239999939308683264,3584463,1.5099600553512573,0.6412209962869634,80.11363,1.005585817262483,1.1304329453890671,0.2111414986903002,0.00010745837651779227
141.1712368,30.14228968,1239999939308683264,3584463,1.2355999946594238,0.5247110059500043,80.11363,1.0152855255242064,1.1373113946172995,0.20531951850362617,0.00010744839408884091
222.8398349,14.61623277,1239999939308683264,3584463,1.0485199689865112,0.4452654338487808,80.11363,1.0201869900569078,1.140481078986423,0.20198925228942455,0.00010744435645705511
200.5284221,14.41468381,1239999939308683264,3584463,1.1766899824142456,0.4996942271224723,80.11363,1.017378579678091,1.138616104059674,0.20415301681511022,0.0001074462737153355
330.6136616,-9.439910637,1239999939308683264,3584463,1.1286200284957886,0.4792807972215793,80.11363,1.0184612091520104,1.139736630386983,0.2039109347416861,0.00010744972669584992
237.6742931,50.44398285,1239999939308683264,3584463,1.1386799812316895,0.48355286580581314,80.11363,1.0179066408529034,1.1386083316604034,0.20294302008257947,0.0001074423418011417
143.0617521,31.64544136,1239999939308683264,3584463,1.1666500568389893,0.49543066329030505,80.11363,1.0172598263738692,1.1383035027662654,0.20374339176458478,0.00010744600763078094
194.8177591,13.30457481,1239999939308683264,3584463,1.1589000225067139,0.49213952673461403,80.11363,1.0174402033296144,1.1385567521655615,0.20376680648047174,0.00010744431002482804
125.8926278,8.738273112,1239999939308683264,3584463,1.2056300044059753,0.5119839229116676,80.11363,1.0163331023483666,1.1378744247237036,0.2044768723171715,0.00010744715797599516
229.170956,48.73216112,1239999939308683264,3584463,1.0442500114440918,0.4434521498352403,80.11363,1.0201567761293042,1.140434270488833,0.2020943352941229,0.00010744431858037247
163.2525608,19.93390522,1239999939308683264,3584463,1.0823450088500977,0.45962960572465844,80.11363,1.019133079379318,1.139345835145992,0.20183508686763585,0.00010744297061838378
204.2318127,52.65419046,1239999939308683264,3584463,1.1006600260734558,0.46740727742488275,80.11363,1.018937980597334,1.1395343446564647,0.20241249402348238,0.00010744156813778918
127.4937948,22.38840225,1239999939308683264,3584463,1.0437699556350708,0.44324828890326207,80.11363,1.0201623084391693,1.1404474382846552,0.20209113707802207,0.00010744431016561254
191.6650408,21.55235999,1239999939308683264,3584463,1.0451050400733948,0.443815247062609,80.11363,1.0202302225102657,1.140493018087363,0.20196827940694584,0.00010744433192870449
245.8892016,15.28168818,1239999939308683264,3584463,0.946823000907898,0.4020787078426003,80.11363,1.0112874048697116,1.121729778843453,0.1861449216069908,0.00010668236149121171
241.7585411,25.50939294,1239999939308683264,3584463,0.9581509828567505,0.4068892588538151,80.11363,1.010945553000271,1.1214586102092456,0.18609928463137948,0.00010668239635541849
171.408245,48.53730894,1239999939308683264,3584463,1.3041800260543823,0.5538342638140918,80.11363,1.012566844539251,1.1362649292124374,0.2075017785246276,0.00010745616254212827
156.8207294,21.69386666,1239999939308683264,3584463,1.145865023136139,0.4866040721685291,80.11363,1.0176092617017831,1.138445445157856,0.20327768974489802,0.00010744328526488267
146.5368577,49.48928379,1239999939308683264,3584463,1.2062499523162842,0.5122471905493018,80.11363,1.0163275184948526,1.137855634814812,0.2044827422552128,0.00010744718051970196
235.2455647,34.90888576,1239999939308683264,3584463,0.9713079929351807,0.4124765265969251,80.11363,1.0106869042678572,1.1211288866208542,0.18613556648968277,0.00010668243185909711
186.4621042,-1.995538957,1239999939308683264,3584463,1.0252249836921692,0.4353729644248441,80.11363,1.0204689601396966,1.1404577200425865,0.20113455911983769,0.00010743977212586669
325.2286358,9.901761509,1239999939308683264,3584463,1.0074100494384766,0.4278076584086646,80.11363,1.0210067099451898,1.141111299725771,0.20115780003697037,0.0001074419751241283
136.777278,17.16268207,1239999939308683264,3584463,1.0822550058364868,0.4595913849638828,80.11363,1.019133562574976,1.1393486094947531,0.20183431700307652,0.00010744300117462348
242.9747116,28.15674811,1239999939308683264,3584463,1.0038700103759766,0.4263043422338384,80.11363,1.0209105982634727,1.1409773992381906,0.20111147757815795,0.00010744189861857716
259.242725,29.25885214,1239999939308683264,3584463,0.9497900009155273,0.4033386767365675,80.11363,1.0111044703186651,1.1216612250762414,0.1860768113923903,0.00010668237209308973
178.2995157,0.841844777,1239999939308683264,3584463,1.2090100049972534,0.5134192770052471,80.11363,1.0163024955562339,1.1377717623144918,0.20450890815367306,0.00010744728213019661
330.5634489,22.67648735,1239999939308683264,3584463,0.9370149970054626,0.39791363207677616,80.11363,1.0113322027452945,1.1218109497150288,0.18604403290101212,0.00010668232295545117
154.3259599,65.59845151,1239999939308683264,3584463,1.1500799655914307,0.48839399342564843,80.11363,1.0174120974167724,1.1384234439957357,0.20347032082512473,0.00010744462441462279
163.7717447,48.81091859,1239999939308683264,3584463,1.0521299839019775,0.44679846603231604,80.11363,1.0200375710613312,1.1404325626583078,0.20232714016977937,0.00010744500088353733
139.6985387,57.50709986,1239999939308683264,3584463,1.2791000008583069,0.543183757738692,80.11363,1.013286999935392,1.136253711912622,0.20639311215789025,0.00010745086561712587
241.8537753,3.355622418,1239999939308683264,3584463,0.9505909979343414,0.40367882885158973,80.11363,1.011089654637844,1.1216424201582855,0.18607892102750268,0.00010668237477269353
137.1707467,6.949240383,1239999939308683264,3584463,1.214015007019043,0.5155447056690429,80.11363,1.0161728525135567,1.1377074036325594,0.20453457874848024,0.00010744747219265918
144.7283439,25.50921502,1239999939308683264,3584463,1.0794199705123901,0.4583874563112118,80.11363,1.0194157125373098,1.1400981915858746,0.2023860188358636,0.00010744459483770673
142.5155838,11.34476988,1239999939308683264,3584463,1.2270499467849731,0.5210801349233657,80.11363,1.0153773855871089,1.1374159651134677,0.20523857030178105,0.00010744800792179715
241.0510475,8.746069118,1239999939308683264,3584463,1.2253649830818176,0.5203645967204736,80.11363,1.0153947038942106,1.13746085140378,0.20522258949284522,0.00010744793514553966
319.0619457,8.702711431,1239999939308683264,3584463,1.0519399642944336,0.4467177721347314,80.11363,1.0200403966213019,1.140437896412759,0.20232612228622693,0.00010744500277030323
155.546223,38.53042854,1239999939308683264,3584463,0.9883610010147095,0.41971827235814085,80.11363,1.0103295677199595,1.1207563121199773,0.18618747557174853,0.00010668241381296697
147.9393254,6.002014827,1239999939308683264,3584463,1.1953449845314026,0.5076162771137326,80.11363,1.0168418052844923,1.1381722762211042,0.20421514607026447,0.00010744679466883261
195.8902524,19.30254548,1239999939308683264,3584463,0.976949006319046,0.4148720444182417,80.11363,1.0104302024085645,1.1209260430544048,0.1861122516453484,0.00010668238920153307
160.1354302,44.94674529,1239999939308683264,3584463,1.3424149751663208,0.570071151720928,80.11363,1.0113212359504593,1.1349276318442276,0.20764242084246576,0.0001074525562231385
337.9498761,2.630883627,1239999939308683264,3584463,1.1489200592041016,0.4879014265351225,80.11363,1.0174451666182918,1.13839639809851,0.2034588987973086,0.00010744428722885281
229.3162421,27.01513912,1239999939308683264,3584463,1.0265699625015259,0.4359441243367001,80.11363,1.0204562790535778,1.1405812021270338,0.20114473707838232,0.00010743982556445355
150.6287083,32.71453766,1239999939308683264,3584463,1.2528300285339355,0.5320279276446662,80.11363,1.0142406844600567,1.1369154117803664,0.20574507525068653,0.00010744927706457756
244.1282496,28.15281021,1239999939308683264,3584463,0.9682754874229431,0.4111887400764066,80.11363,1.0107459472004081,1.121203629979438,0.18612726019016612,0.00010668242218090195
187.1930509,51.27119288,1239999939308683264,3584463,1.2770500183105469,0.5423132103046807,80.11363,1.0134830136565014,1.1363257065163028,0.2063738584698228,0.00010745073848194794
111.9932372,39.68896324,1239999939308683264,3584463,1.0707099437713623,0.45468864851508856,80.11363,1.0196251352350512,1.1400420761368397,0.20234634541336038,0.00010744355143087615
128.1057249,32.19864797,1239999939308683264,3584463,1.2084499597549438,0.5131814476885266,80.11363,1.016307596820176,1.1377888111541692,0.20450359490125836,0.00010744726134044675
209.7906031,27.9500873,1239999939308683264,3584463,1.5277999639511108,0.648796907931464,80.11363,1.0054025868032452,1.1302444351571472,0.21129844945604648,0.00010745696919057602
209.6759643,13.45636528,1239999939308683264,3584463,1.0925300121307373,0.4639547783857846,80.11363,1.0192928213236268,1.139954877479997,0.20261723665830056,0.00010744569100687085
137.7425262,44.36428859,1239999939308683264,3584463,1.1883350014686584,0.5046394113963134,80.11363,1.0168196566278467,1.1386483628672956,0.20469615481801962,0.00010744997166256003
163.4555503,40.41986786,1239999939308683264,3584463,1.2278900146484375,0.5214368788984465,80.11363,1.015368658467819,1.1373889653364497,0.2052465350559718,0.00010744804460901718
218.275481,53.26530565,1239999939308683264,3584463,1.017490029335022,0.4320882317449651,80.11363,1.0205979921506128,1.1406186916573775,0.20099028048565082,0.00010743840947599663
133.5150309,29.05143575,1239999939308683264,3584463,1.0137300491333008,0.4304915151679785,80.11363,1.0207976064438247,1.140641375726076,0.20092455578922686,0.00010743823848301025
235.0513914,18.71816853,1239999939308683264,3584463,1.0330849885940552,0.4387108011816153,80.11363,1.0203954882913069,1.1404818994656498,0.20119466983044532,0.0001074400922897081
177.7028287,22.92322602,1239999939308683264,3584463,0.9719430208206177,0.4127461981103713,80.11363,1.0106746683323058,1.1211134576630453,0.18613729336996465,0.00010668243407853685
227.8507878,-0.060891034,1239999939308683264,3584463,0.911992996931076,0.3872877670017837,80.11363,1.0122115860605605,1.1224758218991115,0.1856940120798315,0.00010668232194192121
157.0828116,6.726969445,1239999939308683264,3584463,1.1974900364875793,0.5085271968082983,80.11363,1.0167392903099295,1.1381082245826588,0.20427049233544559,0.0001074468693508264
149.0714204,60.29290641,1239999939308683264,3584463,1.1316399574279785,0.48056324296029396,80.11363,1.0185345756442097,1.140189869189726,0.2042558846567868,0.00010745375996466149
216.5968573,16.79900424,1239999939308683264,3584463,1.1409800052642822,0.4845295960818468,80.11363,1.017925386975088,1.138051946328461,0.20241110825585162,0.00010746920562466161
162.4901921,15.46479591,1239999939308683264,3584463,1.2128700017929077,0.5150584667190427,80.11363,1.0162669373021684,1.1377425588120966,0.20454557066095624,0.00010744742800498294
121.6029196,7.852563607,1239999939308683264,3584463,1.240435004234314,0.526764245468282,80.11363,1.0147298042636472,1.1371526990210368,0.20567784998792926,0.00010744862532948381
2.236309782,14.29741598,1239999939308683264,3584463,1.1103749871253967,0.471532841530064,80.11363,1.0187931854522898,1.1393953708782285,0.20274782786907752,0.00010744309551125824
186.8553288,8.844990841,1239999939308683264,3584463,1.56017005443573,0.6625432196944054,80.11363,1.0039245096116232,1.1297435632342752,0.21276762261713777,0.00010746338078423078
223.7603497,23.60299011,1239999939308683264,3584463,1.0113500356674194,0.4294808165072025,80.11363,1.020651784990315,1.1408206203029392,0.20178082029088362,0.00010744610378944088
164.0386285,39.35216239,1239999939308683264,3584463,1.2208499908447266,0.5184472560529274,80.11363,1.015606802882446,1.137513643599393,0.20495591349678366,0.00010744774538727854
212.9868078,-0.651971605,1239999939308683264,3584463,0.9939624965190887,0.42209700848118314,80.11363,1.0102662348473215,1.120790236267935,0.18620013285061376,0.00010668246440781074
144.3534821,29.00788873,1239999939308683264,3584463,1.0414799451828003,0.4422758110032617,80.11363,1.020238591320585,1.1402647755653612,0.2014155969657102,0.00010744046853869619
0.991335494,-10.34565154,1239999939308683264,3584463,1.2912999987602234,0.5483646198294748,80.11363,1.0130761799699008,1.1362146676694522,0.20675364013822883,0.00010745026656500437
228.2866616,18.12491256,1239999939308683264,3584463,0.9803720116615295,0.4163256609481785,80.11363,1.010493773234275,1.1209694640885908,0.18616440064512907,0.0001066823998520331
242.4771051,0.791814937,1239999939308683264,3584463,1.0110499858856201,0.42935339709677556,80.11363,1.021087686524498,1.141739793042649,0.20244160726769167,0.00010744684589093992
223.33187,42.91569557,1239999939308683264,3584463,1.0648599863052368,0.45220440031171955,80.11363,1.019756305510817,1.1401683573537609,0.2023517043902031,0.00010744413865769975
227.7446353,5.770808639,1239999939308683264,3584463,0.9901289939880371,0.4204690698456424,80.11363,1.010288859574399,1.1208324122805042,0.18619300196340982,0.00010668241286030528
163.9954809,40.74217596,1239999939308683264,3584463,1.2645249962806702,0.5369943231751497,80.11363,1.0139127871579046,1.1366827083448354,0.20597903886922952,0.00010744996134258867
208.3331668,2.041131883,1239999939308683264,3584463,0.9598090052604675,0.4075933561402365,80.11363,1.010913079902097,1.1214170429952457,0.18610384277913194,0.00010668240043675552
202.6247537,1.35073816,1239999939308683264,3584463,0.9978779852390289,0.4237597634454967,80.11363,1.0102471333013125,1.1207892495777694,0.18628950238778264,0.00010668248730808522
358.011195,0.045631274,1239999939308683264,3584463,1.0227149724960327,0.4343070608109212,80.11363,1.0204922594819978,1.1405267816314555,0.20111545729483626,0.00010743967001001288
130.0178624,25.00801814,1239999939308683264,3584463,1.1679799556732178,0.495995419326349,80.11363,1.0171733321375638,1.1382682369465003,0.20391253539416865,0.00010744600447133449
190.3438864,18.58785876,1239999939308683264,3584463,1.5609999895095825,0.6628956606699288,80.11363,1.0038316972950478,1.1297063504799898,0.21293675700234327,0.00010746348609541061
195.7404652,1.419050142,1239999939308683264,3584463,1.112755000591278,0.47254354019084,80.11363,1.0185944960395692,1.139604587944482,0.20330429699333918,0.00010744761872565279
227.1348835,60.8190057,1239999939308683264,3584463,1.3811500072479248,0.586520405311809,80.11363,1.0099025314614374,1.133972692598193,0.2087980905499166,0.00010746350325770546
215.3148743,24.12327304,1239999939308683264,3584463,1.2688999772071838,0.5388522065135158,80.11363,1.0136833928451878,1.1366117195305108,0.2061403975056887,0.00010745023016494073
191.8212401,23.75083344,1239999939308683264,3584463,1.0225799679756165,0.4342497296697577,80.11363,1.0204934912344465,1.140530494326475,0.20111442157867387,0.00010743966435979287
139.225275,63.79648583,1239999939308683264,3584463,1.2152700424194336,0.5160776701318853,80.11363,1.0161610359649602,1.137678484540815,0.20454651862555795,0.00010744752113174038
15.59711322,14.1617578,1239999939308683264,3584463,1.2152600288391113,0.516073417755852,80.11363,1.016161130631353,1.1376787946506026,0.20454642334667483,0.0001074475207391476
228.1172212,7.973903415,1239999939308683264,3584463,1.1659299731254578,0.4951248718923377,80.11363,1.017321670315838,1.1385802431424998,0.2039030580934752,0.00010744509142430965
189.337848,57.25618038,1239999939308683264,3584463,1.181839942932129,0.5018812139917027,80.11363,1.0170990818423475,1.1385464566496997,0.20419122632329356,0.00010744661143111462
199.3833165,1.857858457,1239999939308683264,3584463,1.1067349910736084,0.4699870775301909,80.11363,1.0189095179618497,1.1394202919170051,0.2026290769674005,0.00010744292642821137
188.2937408,17.03871887,1239999939308683264,3584463,1.1745200157165527,0.4987727271113475,80.11363,1.0173904752199894,1.1386791771569278,0.2041305864223013,0.00010744612608495294
179.1039408,34.90767331,1239999939308683264,3584463,1.1596999764442444,0.4924792358937995,80.11363,1.017435862054231,1.1385300129855596,0.20377632664153555,0.00010744439900634153
257.7346132,39.69200775,1239999939308683264,3584463,0.9693150222301483,0.4116301898633654,80.11363,1.0107256045851576,1.121177824306539,0.1861301177575425,0.00010668242533329264
134.8101646,8.456199,1239999939308683264,3584463,1.306939959526062,0.5550062996465128,80.11363,1.0128683993272325,1.1362205076703342,0.207233312050201,0.00010745298656939558
118.1219441,35.24642112,1239999939308683264,3584463,1.2443549633026123,0.5284288988147533,80.11363,1.0144330383527573,1.13703016315805,0.20550898955648478,0.00010744881991797553
228.1889697,43.85871566,1239999939308683264,3584463,1.0125449895858765,0.42998826671384505,80.11363,1.02055470071055,1.1408854781249291,0.20185191106294065,0.000107459682825814
258.0964727,64.03252475,1239999939308683264,3584463,1.061839997768402,0.4509219292612427,80.11363,1.0196945368822947,1.139976784636121,0.2019122297047239,0.00010744177754954467
175.3001872,5.751762585,1239999939308683264,3584463,1.1649199724197388,0.494695964083501,80.11363,1.0174929327523796,1.1386113362560963,0.20396814634616978,0.00010744498163911968
2.575576173,14.52320971,1239999939308683264,3584463,1.1204899549484253,0.475828272870719,80.11363,1.0183250325326394,1.139303405832007,0.20344115741237867,0.00010744594796518313
117.6578073,22.99113216,1239999939308683264,3584463,1.0605900287628174,0.45039111629817896,80.11363,1.0197908431601381,1.1400127466252556,0.20189206769216628,0.00010744172865166323
340.4373047,-0.811317002,1239999939308683264,3584463,1.1267900466918945,0.4785036755014905,80.11363,1.0185280293654981,1.1397853992280709,0.20392008389071425,0.00010745003974007748
220.2873956,14.35888982,1239999939308683264,3584463,1.015369951725006,0.4311879176787206,80.11363,1.0201579233957505,1.140714997877038,0.20202447204729834,0.00010745508976720339
239.5693919,27.23673294,1239999939308683264,3584463,1.0044599771499634,0.4265548780551347,80.11363,1.0209037274652197,1.1409644601290891,0.20111369274826119,0.00010744185895083895
134.6161369,55.48296926,1239999939308683264,3584463,1.2121399641036987,0.5147484482568041,80.11363,1.0162737206498704,1.1377649327496968,0.20453863194201138,0.00010744740005627984
212.5625549,7.452881079,1239999939308683264,3584463,1.0343899726867676,0.43926497690110017,80.11363,1.02038376948031,1.1404592737260641,0.2012049243776397,0.0001074401494299412
166.3361145,0.888095624,1239999939308683264,3584463,1.2056900262832642,0.5120094118561055,80.11363,1.0163325622459007,1.1378726062726416,0.20447744050058148,0.00010744716015439784
174.5969174,59.87961612,1239999939308683264,3584463,1.1921949982643127,0.5062786011101089,80.11363,1.0166585495601361,1.1385374353074207,0.20487049900088583,0.00010744980544987457
225.5768397,23.57245822,1239999939308683264,3584463,1.0645300149917603,0.45206427439671687,80.11363,1.0197609218590036,1.140177623031842,0.20234977418353095,0.00010744413414624886
240.8424959,7.446605058,1239999939308683264,3584463,1.1205350160598755,0.4758474085628689,80.11363,1.018323037231475,1.1393022363002032,0.20344078537932597,0.00010744593744675442
134.5487455,52.67890278,1239999939308683264,3584463,1.2434799671173096,0.52805732214708,80.11363,1.0145269963100962,1.137059444514584,0.2055424885459447,0.00010744877591883949
167.0173851,50.10994332,1239999939308683264,3584463,1.1639800071716309,0.49429679759513545,80.11363,1.0174972793902335,1.1386405467908283,0.20395731363394232,0.00010744487800942035
215.1464474,42.42765418,1239999939308683264,3584463,1.0837600231170654,0.4602305069569856,80.11363,1.0191768946537805,1.1392579279863768,0.2016567370628657,0.0001074399570121503
230.7953926,22.25670597,1239999939308683264,3584463,1.1299400329589844,0.4798413515051141,80.11363,1.0185462759157826,1.140238699399329,0.2044340436999037,0.0001074539765126607
250.2329969,13.00115401,1239999939308683264,3584463,1.0386450290679932,0.4410719329741149,80.11363,1.0202632616732532,1.1403423377460058,0.2013932138979796,0.00010744034278857693
117.0318653,34.75854817,1239999939308683264,3584463,1.190060019493103,0.5053719591033387,80.11363,1.0167017983917972,1.1386036989393737,0.20486082447169685,0.00010744989949391207
117.5111018,51.6598268,1239999939308683264,3584463,1.0630300045013428,0.45142727859163073,80.11363,1.0196830030831792,1.1399534303102394,0.20192198247132043,0.0001074418296739144
12.94880892,4.460812569,1239999939308683264,3584463,1.0842649936676025,0.4604449482055229,80.11363,1.0191059505092044,1.1392464864696432,0.20181269385555267,0.00010743990585269979
26.301315,-8.91103054,1239999939308683264,3584463,1.0973349809646606,0.46599526077596237,80.11363,1.0187152931181265,1.1402100736649075,0.2037913494537108,0.00010746501939231421
120.9195899,20.34472462,1239999939308683264,3584463,0.994421511888504,0.422291934361139,80.11363,1.010195553051829,1.120845914638396,0.18620571707000122,0.0001066824217955732
183.9958017,21.19366059,1239999939308683264,3584463,1.072849988937378,0.4555974420216376,80.11363,1.0193735965065156,1.1406003388924921,0.2035740202190015,0.00010745177124721887
342.8944309,15.08944089,1239999939308683264,3584463,1.1079449653625488,0.4705009063008834,80.11363,1.0188156507608095,1.139384958241211,0.202727411410891,0.00010744298744224228
9.593197589,-0.979312134,1239999939308683264,3584463,1.0890100002288818,0.462459966963025,80.11363,1.0190920106451011,1.1386650964884393,0.20149171063673188,0.00010743344683565946
221.5597949,34.8742266,1239999939308683264,3584463,1.363955020904541,0.5792183669332637,80.11363,1.010511731209631,1.1343990054055912,0.20855068980487879,0.00010746143697036491
219.0523514,4.069969092,1239999939308683264,3584463,1.1879700422286987,0.5044844274769562,80.11363,1.016910341947347,1.1386596100367823,0.2045612939193383,0.00010744998638606153
127.9597279,51.25278335,1239999939308683264,3584463,1.1400850415229797,0.48414953997386906,80.11363,1.0180507890075663,1.1386566186964442,0.2029248621407117,0.00010744351531565413
258.7087192,38.21308869,1239999939308683264,3584463,1.0848699808120728,0.46070186259086915,80.11363,1.0191219287851576,1.1392339286298334,0.2018236691953127,0.00010743983561759389
213.8103293,12.45921088,1239999939308683264,3584463,1.107515037059784,0.47031833256083394,80.11363,1.0188194207432357,1.1393974944445064,0.20272368294755239,0.00010744296628987458
195.9406035,39.6404312,1239999939308683264,3584463,1.1162300109863281,0.47401924123321176,80.11363,1.0184479188860387,1.1394812428292715,0.20329463477401932,0.00010744672739676519
119.6289601,15.97840717,1239999939308683264,3584463,1.1166599988937378,0.4742018402850234,80.11363,1.0184191538492837,1.139379106033917,0.20328898737278656,0.00010744653405030019
161.8873722,20.1178917,1239999939308683264,3584463,1.2132499814033508,0.5152198292024498,80.11363,1.0162633948911286,1.1377309009565555,0.20454918292411362,0.00010744744262093257
196.0545634,14.64215632,1239999939308683264,3584463,1.0818500518798828,0.4594194168521544,80.11363,1.0191354145420755,1.139362057189652,0.20183027558601774,0.00010744313074006879
28.6878529,13.73240325,1239999939308683264,3584463,1.0322849750518799,0.4383710667106677,80.11363,1.0204027720056643,1.1405037747979045,0.20118843163319733,0.00010744005793166976
235.1267226,14.89909968,1239999939308683264,3584463,1.067710041999817,0.4534147075284405,80.11363,1.019671178135617,1.1400513571978141,0.20232632869765654,0.00010744351323945043
263.1211193,31.03675158,1239999939308683264,3584463,0.9978130161762238,0.4237321736248043,80.11363,1.010253116986504,1.1207939531413602,0.1862890974075465,0.0001066824860013271
242.7495534,9.062650016,1239999939308683264,3584463,1.0495100021362305,0.445685862217313,80.11363,1.020077299239858,1.140495374829107,0.20231351335039538,0.00010744503245471266
176.605829,7.611944048,1239999939308683264,3584463,1.2680699825286865,0.5384997402262305,80.11363,1.0136952894002929,1.1365585466137647,0.2061327076211661,0.00010745017878598538
166.8463074,65.10008853,1239999939308683264,3584463,1.1440500020980835,0.48583330370072814,80.11363,1.0176084282476263,1.1384526205686667,0.2032962765527876,0.00010745982545463627
147.6939106,57.22527082,1239999939308683264,3584463,1.0781400203704834,0.45784391153181025,80.11363,1.0197096333761952,1.140222839104561,0.2025060819496527,0.00010744621609502944
190.5666546,33.72615047,1239999939308683264,3584463,1.351639986038208,0.5739886531416218,80.11363,1.0111328613619397,1.1346952021854688,0.20767174222563534,0.00010745300180089147
218.5595514,13.95067117,1239999939308683264,3584463,0.977662980556488,0.41517524136059347,80.11363,1.010416660678321,1.1209085438659818,0.1861142082806484,0.00010668239140938759
197.9749655,19.22823371,1239999939308683264,3584463,0.9944750070571899,0.4223146516676265,80.11363,1.0101945721450212,1.120844736236561,0.18620585656453947,0.00010668242213791008
226.2104908,4.681899379,1239999939308683264,3584463,1.2241899967193604,0.5198656259541357,80.11363,1.0154900687272277,1.1374981928544805,0.20513635253761198,0.00010744788503067458
244.5763235,16.814912,1239999939308683264,3584463,1.1070799827575684,0.47013358200924354,80.11363,1.0189065761347011,1.139410200470513,0.20263212257528995,0.00010744294428899481
160.1057217,57.37727764,1239999939308683264,3584463,1.1505299806594849,0.4885850972295267,80.11363,1.0173995119865327,1.138401428284356,0.2034745357790253,0.000107444748736317
178.8549886,25.5395805,1239999939308683264,3584463,1.041659951210022,0.44235225252481297,80.11363,1.020236991861554,1.1402598662113945,0.20141699564402205,0.00010744047611725864
189.0400597,37.87478279,1239999939308683264,3584463,1.2784099578857422,0.5428907234688246,80.11363,1.0133802314908147,1.1362779387928195,0.2065364139405017,0.00010745082293538796
120.0208319,28.10217134,1239999939308683264,3584463,1.2340600490570068,0.5240570512643091,80.11363,1.0151357139766426,1.137279833044367,0.20515479645237034,0.00010744832242017872
208.1745572,1.282744105,1239999939308683264,3584463,0.9623390138149261,0.408667751850345,80.11363,1.010863181296275,1.121353170204827,0.18611083496550362,0.0001066824065529321
219.0085272,63.42433323,1239999939308683264,3584463,1.3311899900436401,0.5653043394346273,80.11363,1.0116670796547962,1.1351801962731474,0.207600636149172,0.00010745319821548851
325.5606658,0.49978391,1239999939308683264,3584463,1.0682750344276428,0.45365463772141557,80.11363,1.019664914991996,1.140034533070379,0.20233078292610418,0.00010744353776348894
122.6826664,7.563279936,1239999939308683264,3584463,1.2649199962615967,0.5371620642226068,80.11363,1.0138237039530407,1.1366689049582683,0.20594601908761767,0.00010744998538717159
175.0365287,28.90767503,1239999939308683264,3584463,0.8658935129642487,0.36771111864425643,80.11363,1.024410539932257,1.1431264132838486,0.19893716309004505,0.00010743159016200409
226.1286702,6.660145066,1239999939308683264,3584463,1.2913749814033508,0.5483964620262005,80.11363,1.013075146834503,1.1362121697842995,0.206754283405865,0.00010745026787112094
170.5547218,20.29802989,1239999939308683264,3584463,1.0606199502944946,0.45040382280275476,80.11363,1.0197905254073216,1.1400118857743433,0.20189230075578313,0.00010744172975288619
144.9142089,13.32322624,1239999939308683264,3584463,1.00941002368927,0.4286569692742714,80.11363,1.0209727247478761,1.1410900955064966,0.20119714325639748,0.0001074433036160803
181.8446892,52.59885445,1239999939308683264,3584463,1.2547500133514404,0.5328432701255307,80.11363,1.0142150362519267,1.1368494579118453,0.20576288229358441,0.00010744938536789023
226.5907393,42.21199474,1239999939308683264,3584463,1.16989004611969,0.49680656005470436,80.11363,1.0171711637350314,1.1383010842427392,0.20393225377888657,0.0001074459904036786
236.805256,3.185430533,1239999939308683264,3584463,1.02593994140625,0.43567657901127055,80.11363,1.0204622284259393,1.1405188599541052,0.20113997051753518,0.00010743980057801965
5.538060721,9.17801938,1239999939308683264,3584463,0.9013974964618683,0.38278827223505363,80.11363,1.023594066174397,1.1427331895152884,0.2000004743898416,0.000107436486375936
198.1223502,33.52767516,1239999939308683264,3584463,1.1307100057601929,0.48016832884796173,80.11363,1.0184995962581844,1.1402167290647072,0.20442247163269334,0.00010745385537180084
165.4434426,41.90044805,1239999939308683264,3584463,1.3032000064849854,0.553418087821593,80.11363,1.0128297415886738,1.1359862404965202,0.2066597990484903,0.00010745009985352625
166.947909,49.21363505,1239999939308683264,3584463,1.228369951248169,0.5216406892069005,80.11363,1.0153636444135128,1.137373515975966,0.20525108445961004,0.00010744806568979812
204.978293,13.79206975,1239999939308683264,3584463,1.1533299684524536,0.4897741425660811,80.11363,1.0175501005327732,1.138552265632484,0.20353962461394026,0.0001074436920835357
130.3807201,43.30131548,1239999939308683264,3584463,0.9525859951972961,0.4045260261850609,80.11363,1.0110523638635551,1.1215950025345742,0.18608421672765452,0.000106682381093595
195.2252128,12.16548649,1239999939308683264,3584463,1.130929946899414,0.48026172925012206,80.11363,1.0184873838034811,1.1402104050923574,0.20441970913612195,0.00010745382824210901
136.8027651,15.60690395,1239999939308683264,3584463,1.0309300422668457,0.4377956797345405,80.11363,1.020415261261307,1.140540792805334,0.20117794745441098,0.00010744000101101736
213.7494366,-0.06168399,1239999939308683264,3584463,1.0209200382232666,0.433544822406949,80.11363,1.0205083839371416,1.1405761614600152,0.2011015706051722,0.00010743959286071058
158.022369,37.46893685,1239999939308683264,3584463,1.2556750178337097,0.5332360833616084,80.11363,1.0142025593350843,1.136817581734435,0.2057714560405952,0.00010744943814070955
117.3005072,29.24634511,1239999939308683264,3584463,1.085599958896637,0.4610118557413456,80.11363,1.0191419655683072,1.1393121444467733,0.2018368324511266,0.00010743974675994225
215.4129392,53.90140003,1239999939308683264,3584463,1.2094899415969849,0.5136230873137011,80.11363,1.0162981133011626,1.1377571393173584,0.20451346280432803,0.00010744730001899998
211.1021998,2.324574078,1239999939308683264,3584463,0.9468849897384644,0.4021050320751875,80.11363,1.0112862851063542,1.121728363102616,0.1861450819471807,0.00010668236172282227
142.5564839,15.20291045,1239999939308683264,3584463,0.9193699955940247,0.3904204898943526,80.11363,1.0120545265861456,1.1222627810159331,0.18571559543845195,0.00010668230698527235
163.4842354,9.733414857,1239999939308683264,3584463,1.1523200273513794,0.48934526006900647,80.11363,1.0175531630601033,1.1385053717235645,0.20352502335366218,0.00010744357288122649
227.9780135,30.33797907,1239999939308683264,3584463,1.233620047569275,0.5238701998364641,80.11363,1.0152239814824642,1.137294194034352,0.2051448232014491,0.00010744830211567313
168.0859332,11.92586679,1239999939308683264,3584463,1.0541699528694153,0.447664761090294,80.11363,1.020008151126239,1.1403751396533912,0.20233853049108286,0.0001074449875891193
184.0683628,16.89316642,1239999939308683264,3584463,1.0989199876785278,0.4666683511538075,80.11363,1.0187013973866499,1.1402984421493765,0.20417486856554734,0.00010747055377333464
218.5278927,1.606039138,1239999939308683264,3584463,0.9474769830703735,0.4023564284963953,80.11363,1.0112755679438785,1.1217148092276625,0.18614661562828072,0.00010668236391437386
170.6886265,15.52300229,1239999939308683264,3584463,1.1183249950408936,0.47490889904761086,80.11363,1.0183355416498354,1.1393597183031705,0.20330178860248183,0.00010744644305933624
216.147439,4.175290988,1239999939308683264,3584463,1.0275100469589233,0.4363433414485899,80.11363,1.020447388636255,1.1405555184159388,0.20115185416989956,0.00010743986283691224
147.8263693,16.35368686,1239999939308683264,3584463,1.0306299924850464,0.4376682603241136,80.11363,1.0204180504765348,1.140548984208393,0.20117563887300893,0.00010743998860816958
196.0656089,25.13320085,1239999939308683264,3584463,0.869583010673523,0.3692779040625561,80.11363,1.0243515035813475,1.1430664590448085,0.1990606962494239,0.00010743308855078209
219.1544801,31.39430488,1239999939308683264,3584463,1.2419500350952148,0.5274076198374181,80.11363,1.0145451373026348,1.137102575508085,0.20552809974221198,0.00010744869976833554
230.0425897,20.5906972,1239999939308683264,3584463,0.9814249873161316,0.4167728185374916,80.11363,1.01047347542772,1.120943314521633,0.18616731086054927,0.00010668240300189162
142.286137,31.34962977,1239999939308683264,3584463,1.1532000303268433,0.48971896292469635,80.11363,1.0175505374614895,1.138557022260308,0.20353778431942482,0.0001074436769923056
343.0931283,1.11666272,1239999939308683264,3584463,1.070704996585846,0.454686547638834,80.11363,1.0196252327941928,1.1400422363684166,0.20234631821965243,0.00010744355151287833
351.3445843,13.47442346,1239999939308683264,3584463,1.0739949941635132,0.45608368097163776,80.11363,1.019551371572568,1.139829255898631,0.2019915589327188,0.00010744194136846621
341.7307658,1.750001935,1239999939308683264,3584463,1.1063849925994873,0.4698384468631216,80.11363,1.0189124697096985,1.1394305450726707,0.20262596515581655,0.00010744290794605419
172.5762686,37.53222672,1239999939308683264,3584463,1.1251999735832214,0.47782843362386657,80.11363,1.018213502649106,1.1389838671901173,0.20292923919530725,0.00010744355474987166
180.3895305,34.75568766,1239999939308683264,3584463,1.2049299478530884,0.5116866362657669,80.11363,1.016339394124922,1.1378956224906311,0.20447024753256482,0.00010744713263363414
209.0872165,30.50207523,1239999939308683264,3584463,1.1719149947166443,0.49766647654863233,80.11363,1.017171221890832,1.138331621665397,0.2039536095655221,0.00010744596699394692
245.0892333,17.38273452,1239999939308683264,3584463,1.06735497713089,0.45326392536159243,80.11363,1.0196745580813336,1.1400617742590604,0.20232336772090187,0.00010744349358402002
251.8169122,25.11037467,1239999939308683264,3584463,0.9197450280189514,0.3905797515015052,80.11363,1.0120459357366491,1.122249974602722,0.18571681722210676,0.00010668230458338712
229.9010334,19.31718925,1239999939308683264,3584463,1.03329998254776,0.4388021007075211,80.11363,1.0203935443129204,1.1404760188673306,0.20119635288052995,0.00010744010160314624
147.729475,14.10138284,1239999939308683264,3584463,1.0823500156402588,0.4596317319126751,80.11363,1.01913305184254,1.139345682961642,0.20183512843382445,0.00010744296890030613
226.0333505,56.92928319,1239999939308683264,3584463,1.1346800327301025,0.48185424407459954,80.11363,1.0182194077493727,1.1395546886325256,0.20389073871230745,0.00010744938314685514
231.1630433,55.99965706,1239999939308683264,3584463,1.07191002368927,0.45519827553327197,80.11363,1.019479333180816,1.140582698214186,0.20334785769643626,0.00010745229975727422
188.0488667,10.22891256,1239999939308683264,3584463,1.3043400049209595,0.5539022005835764,80.11363,1.0126416240010738,1.1363005463207376,0.20763736559314305,0.00010745794598368482
226.2856655,30.11837573,1239999939308683264,3584463,1.098960041999817,0.46668536065794075,80.11363,1.0186946741009277,1.1402921612050412,0.20417466937020268,0.00010747066778815247
190.8861167,29.47258305,1239999939308683264,3584463,1.1426900029182434,0.4852557652248221,80.11363,1.0175535367266042,1.1378752785379675,0.2024758974802081,0.00010746685100496779
141.8472352,21.93467344,1239999939308683264,3584463,1.2142249941825867,0.515633879006932,80.11363,1.0161708820971769,1.1377009478008626,0.20453657621367283,0.00010744748034381475
223.1894646,2.889232593,1239999939308683264,3584463,0.9466609954833984,0.4020099104732041,80.11363,1.0112903291952737,1.1217334757715811,0.18614450278632022,0.00010668236088405606
139.7552298,24.25383953,1239999939308683264,3584463,1.1609899997711182,0.4930270583609965,80.11363,1.0174289368761051,1.1385713626517338,0.20379151543015628,0.00010744454339548353
326.6030611,-8.35985359,1239999939308683264,3584463,1.1368300318717957,0.4827672646454198,80.11363,1.018387081235086,1.1397094919549542,0.20400701798915588,0.00010745015890288543
153.6890165,21.80032821,1239999939308683264,3584463,1.1588599681854248,0.4921225172304807,80.11363,1.0174404206612635,1.1385580974845184,0.20376632723162447,0.00010744430558319351
172.6443914,0.88071777,1239999939308683264,3584463,1.1938049793243408,0.5069622971162753,80.11363,1.016855613599774,1.138218226223004,0.20420076937328413,0.00010744674107658442
139.7445268,63.72500776,1239999939308683264,3584463,1.131719946861267,0.4805972113450363,80.11363,1.0185307246382485,1.140187545640603,0.20425516383882947,0.00010745375385077971
10.04843617,3.549131497,1239999939308683264,3584463,1.0325499773025513,0.43848360280497806,80.11363,1.02040035147664,1.1404965299390326,0.201190494025277,0.00010744006924954878
253.6009568,25.33739433,1239999939308683264,3584463,0.9640869796276093,0.4094100445857799,80.11363,1.0108285882512793,1.121308935067796,0.18611567853435218,0.00010668241085667678
147.9961316,45.40032941,1239999939308683264,3584463,1.0747550129890442,0.4564064312502142,80.11363,1.0195942402587281,1.140237644270497,0.20241130062058732,0.00010744544645488037
346.3035107,-10.55540179,1239999939308683264,3584463,1.131350040435791,0.4804401265494246,80.11363,1.018465372576062,1.140198274839238,0.20441506473097826,0.00010745378465307907
140.3521998,-0.409586817,1239999939308683264,3584463,1.2136650085449219,0.5153960750019736,80.11363,1.016176130916263,1.1377181580087845,0.20453124971441716,0.00010744745863945269
160.2573372,-0.746360281,1239999939308683264,3584463,1.3210899829864502,0.5610152613462602,80.11363,1.0119463631406687,1.135499426272606,0.20759472693770342,0.00010745591053513051
148.8860421,4.372171377,1239999939308683264,3584463,1.2540299892425537,0.5325375040393254,80.11363,1.0142246947011881,1.1368742251342296,0.2057562061903021,0.00010744934455637491
322.5093197,3.130333459,1239999939308683264,3584463,1.0089600086212158,0.4284658654703931,80.11363,1.0208477848860642,1.1408447407891502,0.2010019681932318,0.00010743944405069672
160.3666718,5.89597758,1239999939308683264,3584463,1.228309988975525,0.5216152255742248,80.11363,1.015364271987466,1.1373754471527358,0.20525051610458467,0.00010744806305118335
44.72882462,0.492536062,1239999939308683264,3584463,1.0354950428009033,0.4397342569704913,80.11363,1.0203739919949144,1.1404288820058084,0.20121367392917888,0.00010744019888662572
204.6882671,5.694623218,1239999939308683264,3584463,1.0247600078582764,0.43517550736867794,80.11363,1.0204733216624642,1.1404705221417502,0.20113103597166826,0.00010743975352357746
236.2166383,25.31724732,1239999939308683264,3584463,1.1158000230789185,0.47383664218140015,80.11363,1.018475533110412,1.13949723641765,0.2032995668311417,0.00010744691410710116
252.2791082,38.73368012,1239999939308683264,3584463,1.0540550351142883,0.4476159600129593,80.11363,1.0200097563451678,1.140378383048284,0.20233786273323828,0.00010744498793634831
337.8223146,-0.94378922,1239999939308683264,3584463,1.1787300109863281,0.5005605474922123,80.11363,1.0173671845860375,1.1386359686114382,0.20417391988891898,0.00010744640927108266
167.8256548,5.395801773,1239999939308683264,3584463,1.142680048942566,0.4852515381605509,80.11363,1.017553390329429,1.137877006179052,0.2024752136701391,0.00010746686865584431
190.1913152,40.69318219,1239999939308683264,3584463,1.091879963874817,0.4636787283082884,80.11363,1.0187707040925493,1.138679583899329,0.2013252419778988,0.0001074271564829475
180.0440779,-0.593541256,1239999939308683264,3584463,1.2061499953269958,0.512204742724255,80.11363,1.016328419614724,1.1378586655554346,0.20448179562053725,0.00010744717687828427
221.1087493,37.20042678,1239999939308683264,3584463,1.0268549919128418,0.43606516518307703,80.11363,1.0204535843178308,1.1405734178072313,0.2011468939618304,0.00010743983685990171
330.2228847,20.97828109,1239999939308683264,3584463,0.9910950064659119,0.4208792975740471,80.11363,1.0102663845409268,1.1208030111698142,0.18619603437190224,0.00010668241245791407
167.7408877,0.872713683,1239999939308683264,3584463,1.1801349520683289,0.5011571710367441,80.11363,1.0172757899369287,1.1385955230572316,0.20422349079079738,0.00010744650119550207
182.2066061,62.23726593,1239999939308683264,3584463,1.2896499633789062,0.5476639143191753,80.11363,1.0131824521391488,1.1362697246863653,0.20669644660421405,0.00010745023726694247
202.6756727,-0.553728043,1239999939308683264,3584463,1.1996400356292725,0.5094402173791185,80.11363,1.0166367724211571,1.1380439359292867,0.20437211560967572,0.0001074469445238116
152.4768356,20.68592058,1239999939308683264,3584463,1.0537099838256836,0.4474694302221445,80.11363,1.0200146175251368,1.1403881151266149,0.20233587833423206,0.00010744498930014538
231.430743,38.47241743,1239999939308683264,3584463,1.0949499607086182,0.46498243592716965,80.11363,1.0192303159573155,1.1398759841467871,0.20262395422105672,0.00010744546558510564
122.3108972,15.17913448,1239999939308683264,3584463,1.0627050399780273,0.4512892788646447,80.11363,1.0196860803243513,1.139962825116422,0.2019192875993897,0.00010744181489564055
220.8522375,7.65736452,1239999939308683264,3584463,0.9896990060806274,0.4202864707938308,80.11363,1.0102988571280023,1.1208455461978903,0.1861916499820666,0.00010668241313226639
213.532662,43.03739592,1239999939308683264,3584463,0.9710630178451538,0.4123724952546814,80.11363,1.0106916375080703,1.1211348606399412,0.18613489906161163,0.00010668243102121364
139.5805862,20.28975214,1239999939308683264,3584463,1.0538399815559387,0.44752463517529134,80.11363,1.0200127789370856,1.140384449710935,0.20233662239183348,0.00010744498873093883
168.6693908,30.5246166,1239999939308683264,3584463,0.9728590250015259,0.41313518927037146,80.11363,1.0106571074586288,1.121091349553167,0.18613977591148856,0.00010668243739985575
111.5767824,38.63316645,1239999939308683264,3584463,1.1070299744606018,0.470112345440839,80.11363,1.0189070046287112,1.1394116623869557,0.20263168244897867,0.00010744294172240242
355.5518671,-2.575044438,1239999939308683264,3584463,0.984013020992279,0.41787185524800735,80.11363,1.010422402914577,1.1208773988809526,0.18617457715530916,0.00010668240966230045
227.0605457,13.21432924,1239999939308683264,3584463,0.9771329760551453,0.4149501691719729,80.11363,1.0104267139206604,1.120921532496622,0.18611275582829567,0.00010668238976759165
247.4388047,11.54196541,1239999939308683264,3584463,1.0233999490737915,0.43459794358100984,80.11363,1.0204859703227511,1.140507943485325,0.20112069573596247,0.00010743969837555637
257.214237,35.55428347,1239999939308683264,3584463,1.0201499462127686,0.4332177944405772,80.11363,1.020515109729911,1.1405973800379825,0.20109551500433387,0.00010743955813817633
209.7681312,25.94979367,1239999939308683264,3584463,1.1563899517059326,0.49107359780892906,80.11363,1.0174534596247562,1.1384626751306626,0.20373609335550324,0.00010744403388455312
9.61339215,-9.529823493,1239999939308683264,3584463,1.450569987297058,0.6160003565274532,80.11363,1.0078287445398644,1.1327147263171518,0.21059552565969175,0.00010746101530070316
137.1246782,32.31798924,1239999939308683264,3584463,1.112630009651184,0.47249046142570983,80.11363,1.0185971350190026,1.139608789668147,0.20330362391378753,0.00010744762847383159
191.1383381,13.37061874,1239999939308683264,3584463,1.1781400442123413,0.500310011670916,80.11363,1.017203680163723,1.1385740489232306,0.20407215624783837,0.00010744637034262517
199.4533301,43.69697088,1239999939308683264,3584463,1.2170499563217163,0.5168335299718075,80.11363,1.016060716372461,1.1376232610811496,0.2045166974881032,0.0001074475914664403
248.6821302,46.1541495,1239999939308683264,3584463,1.0314300060272217,0.43800799479506114,80.11363,1.020410631712671,1.140527138464215,0.2011818044940067,0.00010744002183521337
168.878197,40.9701417,1239999939308683264,3584463,1.1059399843215942,0.46964946924726,80.11363,1.0189161784654586,1.1394436051950774,0.20262197740457566,0.00010744288394191316
180.7632482,50.467721,1239999939308683264,3584463,1.3387349843978882,0.5685084035286837,80.11363,1.0114157162010462,1.1349857022832517,0.20771250836705046,0.000107454224196695
234.0569323,13.20549793,1239999939308683264,3584463,1.0548099875450134,0.44793655879175687,80.11363,1.019999344791087,1.1403570549906503,0.20234231608093844,0.00010744498669995603
225.0572618,23.15502677,1239999939308683264,3584463,1.07614004611969,0.45699460066620345,80.11363,1.01963754968952,1.1401951717335788,0.20244764901950518,0.00010744574729204422
186.9246462,-3.082051118,1239999939308683264,3584463,1.048740029335022,0.4453588848744654,80.11363,1.0200891427541245,1.1405063612915907,0.202309606522861,0.00010744504280441963
233.8908783,5.956925104,1239999939308683264,3584463,1.264995038509369,0.5371939317310946,80.11363,1.0138226386470797,1.1366662816335251,0.2059467137486043,0.0001074499899608557
182.7818193,18.60407125,1239999939308683264,3584463,1.1718800067901611,0.4976516185442778,80.11363,1.0171712041090517,1.1383324859458528,0.20395323744176508,0.00010744596744780634
171.8732812,43.8701568,1239999939308683264,3584463,1.2291899919509888,0.5219889284299147,80.11363,1.0152715947909563,1.1373470775203482,0.20510285844594056,0.00010744810191392335
240.5444467,2.751438581,1239999939308683264,3584463,1.108049988746643,0.47054550562570907,80.11363,1.0188147210213077,1.1393818987225977,0.20272831690780957,0.00010744299251867824
196.8748773,19.34101777,1239999939308683264,3584463,1.0382800102233887,0.4409169237429956,80.11363,1.0202664079896762,1.1403523525636516,0.20139030390797452,0.00010744032609371693
58.37002999,-5.914542733,1239999939308683264,3584463,1.0885050296783447,0.4622455257144877,80.11363,1.0190862694222274,1.1387085197232765,0.2014738154327288,0.00010743519010970079
214.5525306,8.121139046,1239999939308683264,3584463,1.0233800411224365,0.4345894894524674,80.11363,1.0204861539806511,1.1405084910387369,0.20112054383847688,0.00010743969755768845
198.4225332,10.68113466,1239999939308683264,3584463,1.2164000272750854,0.5165575305178355,80.11363,1.0160669219048222,1.1376434493134464,0.20451050951338412,0.00010744756565618958
120.0737778,19.51830773,1239999939308683264,3584463,1.1059499979019165,0.46965372162329333,80.11363,1.0189160955247012,1.1394433110122093,0.20262206751346645,0.00010744288448806132
4.211934582,0.990629365,1239999939308683264,3584463,1.1255849599838257,0.47799192229529036,80.11363,1.0182075571162552,1.1389723762852888,0.20293157658900796,0.00010744355441775962
198.8347848,50.0514251,1239999939308683264,3584463,1.3089450001716614,0.5558577620118984,80.11363,1.012515085528476,1.1353545708689874,0.20615542702130518,0.00010744269684584545
219.4290746,42.47765903,1239999939308683264,3584463,1.1674400568008423,0.4957661453852193,80.11363,1.0171744226757664,1.1382824690662456,0.2039070561633325,0.0001074460065351043
332.8527735,0.613380674,1239999939308683264,3584463,1.0433200001716614,0.4430572104111459,80.11363,1.0201674458369379,1.1404597805114864,0.20208811738985177,0.00010744430176909292
229.9581024,38.37509545,1239999939308683264,3584463,1.045639991760254,0.4440424201274841,80.11363,1.0202238236495171,1.140478408296607,0.20197173826953263,0.0001074443390441838
153.5492935,32.01451691,1239999939308683264,3584463,1.241860032081604,0.5273693990766425,80.11363,1.0146296678973452,1.1371055585055814,0.2056645366372971,0.00010744869531932118
21.26430184,22.81141463,1239999939308683264,3584463,1.2238749861717224,0.5197318532914209,80.11363,1.015493248561733,1.1374989868192986,0.20513336265938142,0.00010744787168312666
137.0029367,61.42980224,1239999939308683264,3584463,1.1242400407791138,0.4774207876951964,80.11363,1.0182286006181909,1.139012547368268,0.2029235162183055,0.00010744355734565138
178.1679638,20.15337382,1239999939308683264,3584463,1.1631399989128113,0.4939400789318167,80.11363,1.0175013312262233,1.13866688065193,0.2039476036922213,0.0001074447845071639
121.4478867,32.81203032,1239999939308683264,3584463,1.0956699848175049,0.4652882020133749,80.11363,1.019136261750913,1.1398520661265805,0.20278525501425404,0.00010744546935051096
180.7761244,46.6945964,1239999939308683264,3584463,1.3317400217056274,0.5655379163753146,80.11363,1.0116618714122607,1.1351602738193254,0.20760746299259836,0.00010745326920923709
175.6346552,38.82104505,1239999939308683264,3584463,1.1248500347137451,0.47767982826855937,80.11363,1.0182189595640092,1.1389943175000172,0.2029271348395184,0.00010744355539124285
202.3224458,45.16141165,1239999939308683264,3584463,0.9637234807014465,0.4092556808045943,80.11363,1.010835784051655,1.1213181313764344,0.18611467105596835,0.00010668240994924425
170.2228119,2.55950616,1239999939308683264,3584463,1.080090045928955,0.45867201114077466,80.11363,1.0194097931174786,1.1400848692444547,0.20238798462648822,0.0001074444677506574
179.4101508,36.93604919,1239999939308683264,3584463,1.2051249742507935,0.5117694563513683,80.11363,1.016337642693284,1.137889719177173,0.20447209270602196,0.00010744713968176589
11.81778488,-0.528081229,1239999939308683264,3584463,1.270044982433319,0.5393384454635161,80.11363,1.0136669552213036,1.1365716282592118,0.2061510148953164,0.00010745030126913518
252.5853602,28.06137564,1239999939308683264,3584463,0.9566450119018555,0.40624973187251867,80.11363,1.0109748244170638,1.1214960537005643,0.1860951681726679,0.0001066823925110724
25.28882028,-8.391063202,1239999939308683264,3584463,1.1248100399971008,0.4776628440761882,80.11363,1.018219586565246,1.1389955122200832,0.2029268956111998,0.00010744355548607669
236.2640443,1.383024354,1239999939308683264,3584463,1.0241299867630005,0.43490796204324833,80.11363,1.0204792038705095,1.1404878608266578,0.20112625403465667,0.00010743972813798402
341.4085345,0.671207761,1239999939308683264,3584463,1.2593500018119812,0.534796705365836,80.11363,1.0139018245557603,1.136690317064478,0.20589447681567707,0.00010744965152727784
171.0837598,31.58814464,1239999939308683264,3584463,0.8235989809036255,0.3497502845882225,80.11363,1.0252301662237144,1.1442935196132877,0.19951403593505934,0.00010744003250333282
45.77397666,0.494510272,1239999939308683264,3584463,1.0944349765777588,0.46476374230259904,80.11363,1.0192404484764757,1.139892941020052,0.2026210316766175,0.00010744548506093033
225.7338628,56.61781298,1239999939308683264,3584463,1.0516149997711182,0.44657977240774543,80.11363,1.0200452551971182,1.1404470126967072,0.20232439516354273,0.00010744500619365709
349.0349728,-1.73692313,1239999939308683264,3584463,1.0725500583648682,0.4554700732347349,80.11363,1.0193543326750827,1.1405952300752225,0.20356898533653756,0.00010745192122594591
318.4141222,-0.688579414,1239999939308683264,3584463,0.9739444851875305,0.4135961417700307,80.11363,1.0106159613065449,1.1210000450246513,0.18614676534265162,0.00010668238038223979
239.0749056,26.72641175,1239999939308683264,3584463,1.0272350311279297,0.43622655297824625,80.11363,1.0204499899129713,1.1405630348498355,0.2011497709865283,0.00010743985192511056
236.2977473,21.06635566,1239999939308683264,3584463,0.9965900182723999,0.42321281423409224,80.11363,1.0101584842908207,1.120794723195151,0.18621155207840867,0.00010668242935594257
230.8703414,1.217461694,1239999939308683264,3584463,1.0632399916648865,0.4515164519295199,80.11363,1.0196810437180555,1.1399473593857294,0.20192373657998763,0.00010744183944218208
32.81519091,0.145281224,1239999939308683264,3584463,1.218084990978241,0.5172730687207275,80.11363,1.0158005669763535,1.1375910534343383,0.20494136549648,0.0001074476328775467
119.9553001,14.83642136,1239999939308683264,3584463,1.236715018749237,0.5251845130836666,80.11363,1.0150227276863582,1.1372749671074978,0.20556116064954433,0.00010744844657387806
28.38674432,18.02246282,1239999939308683264,3584463,1.2882100343704224,0.547052432770289,80.11363,1.013202312589034,1.1363179010230344,0.20668400731943293,0.00010745021075449937
152.0306767,21.55588857,1239999939308683264,3584463,1.1178499460220337,0.4747071643036493,80.11363,1.0183551380221914,1.1393721696419945,0.20330506558651185,0.00010744654459257218
25.88858138,20.29039959,1239999939308683264,3584463,1.13332998752594,0.48128093266296473,80.11363,1.0182549187110448,1.1394413663674503,0.20379171506190374,0.00010744852434436429
164.705269,-0.600968536,1239999939308683264,3584463,1.203969955444336,0.5112789650253348,80.11363,1.0163480011853303,1.137924657924421,0.20446116966234185,0.00010744709806925469
172.2848479,17.78907618,1239999939308683264,3584463,0.9802224934101105,0.41626216639294294,80.11363,1.0104966409498828,1.1209731589240772,0.18616398873219686,0.0001066823993938295
324.4304621,-8.70847129,1239999939308683264,3584463,1.126764953136444,0.47849301924964505,80.11363,1.0185289612964639,1.1397860572828882,0.20392022206423932,0.00010745004419663903
318.6813753,11.51117009,1239999939308683264,3584463,1.0457799434661865,0.44410185214490216,80.11363,1.0202221306607704,1.1404745865788926,0.20197263437320068,0.0001074443407316757
337.0735757,16.25726707,1239999939308683264,3584463,1.1338899731636047,0.4815187366679232,80.11363,1.018195699840761,1.1394200375879249,0.20386616412217962,0.00010744891003532079
25.28039503,10.47613793,1239999939308683264,3584463,1.0908499956130981,0.4632413410591471,80.11363,1.019019681317944,1.138742599655274,0.20164593600945768,0.00010742865129336749
199.8369158,28.6500315,1239999939308683264,3584463,1.3343499898910522,0.5666462678142843,80.11363,1.0114663621588276,1.1350651472285067,0.207659392540536,0.00010745363142021954
236.6465865,0.001647213,1239999939308683264,3584463,1.0054999589920044,0.4269965176803093,80.11363,1.020974451205757,1.1409872594877732,0.20113008301807556,0.0001074417837623313
