Survey,n,FWHM,pixscale,Re_intrinsic_arcsec,Re_over_FWHM,R50_obs,R50_intr,rP_obs,rP_intr,rP50_obs,rP50_intr,rP90_obs,rP90_intr
SDSS r,1,1.3,0.396,0.325,0.25,0.7349874981139074,0.3112279409003532,1.488522588266793,,0.7349246641879663,0.3099370904372781,1.3693129318020358,0.7295541105360541
SDSS r,1,1.3,0.396,0.39684297252195966,0.30526382501689203,0.7734337789010203,0.3801894223862435,1.5724444665999289,,0.7732871343886315,0.3782948612709559,1.460558336007385,0.8910098096520357
SDSS r,1,1.3,0.396,0.48456721489250715,0.37274401145577474,0.827240530581304,0.46892922185590735,1.68687639748253,,0.8269067448299533,0.4664172600602265,1.5854128436428905,1.0909654116542122
SDSS r,1,1.3,0.396,0.5916833659834762,0.4551410507565201,0.900323892791456,0.5745106899350676,1.841008145807864,,0.8996994294569481,0.5719573037106537,1.7596498230272881,1.334511288649684
SDSS r,1,1.3,0.396,0.7224781099959423,0.555752392304571,0.9954050118232255,0.7080877993954896,2.0479735705512994,,0.9941302970328909,0.7043146074570756,1.9917761403229475,1.6326191953929645
SDSS r,1,1.3,0.396,0.8821857253933447,0.6786044041487267,1.1171281581143429,0.8652654940653381,2.3211792097944355,,1.115212330759287,0.8606414416480975,2.2966394332903497,1.9955468024480454
SDSS r,1,1.3,0.396,1.077197555635496,0.8286135043349969,1.2772815249366083,1.0614497003993235,2.677319156439663,,1.2745184763255788,1.0561479429346299,2.689690456656639,2.4387271344270394
SDSS r,1,1.3,0.396,1.3153177845285515,1.0117829111758088,1.4786677824591312,1.2968308758822664,3.1371905172436136,,1.4758229748459666,1.2912240204783987,3.188799461945636,2.980702431655987
SDSS r,1,1.3,0.396,1.6060757520717193,1.2354428862090148,1.7398626661255967,1.5850222216788479,3.7160423227576067,,1.7351191274836741,1.5782178361767343,3.816736801459153,3.6443974228255986
SDSS r,1,1.3,0.396,1.9611073093771783,1.508544084136291,2.068644014881635,1.9387582811741981,4.4411371344610515,,2.0623059361034444,1.9296652300168793,4.594565681557364,4.451962536351177
SDSS r,1,1.3,0.396,2.3946204741162513,1.8420157493201934,2.478155354858024,2.374091240569205,5.344757094850615,,2.469476672388994,2.3644815025899066,5.557002587716315,5.439215025297527
SDSS r,1,1.3,0.396,2.9239640215699625,2.2492030935153555,2.987617768521,2.9024342812905815,6.457986716860037,,2.9757242410555778,2.8897194692046955,6.742383708748087,6.646685866226729
SDSS r,1,1.3,0.396,3.5703217657448847,2.7464013582652957,3.618781049367951,3.546616464798648,7.829918784678152,,3.603769267305033,3.5312296102408287,8.197943747553689,8.118470595557023
SDSS r,1,1.3,0.396,4.3595603150093885,3.3535079346226064,4.392584311556658,4.335104849082862,9.51438116210973,,4.375111291604184,4.315164294125602,9.981538055629986,9.916618929312422
SDSS r,1,1.3,0.396,5.323264228606452,4.0948186373895785,5.344252816652687,5.298690168334939,11.57819003361146,,5.322878628369847,5.275267751722606,12.165773449209171,12.113160368975851
SDSS r,1,1.3,0.396,6.5,5.0,6.5111633067871235,6.47201486865865,14.105094948532333,,6.483068517422534,6.4430934831217614,14.838329606150554,14.7939617770176
SDSS r,2,1.3,0.396,0.325,0.25,0.7698444429329684,0.3029107408626051,1.5577641305699774,,0.7667398884352022,0.2843160799766717,1.516232090011869,0.8741315922657011
SDSS r,2,1.3,0.396,0.39684297252195966,0.30526382501689203,0.814407003488994,0.37285998678100857,1.6496669374785473,,0.808685099320328,0.35069358302612264,1.6525735393118117,1.0728428333261049
SDSS r,2,1.3,0.396,0.48456721489250715,0.37274401145577474,0.8735091329508534,0.46283391587437755,1.7677222638487602,,0.8640673647871651,0.43453326365354134,1.8325630151188694,1.3144231769350645
SDSS r,2,1.3,0.396,0.5916833659834762,0.4551410507565201,0.9441384413950209,0.5701615251956018,1.9224696283488916,,0.9297380520707265,0.5377241580099026,2.067028658498179,1.6056320654335874
SDSS r,2,1.3,0.396,0.7224781099959423,0.555752392304571,1.0387919791719415,0.7018114962630881,2.1313943949038823,,1.0189526177415242,0.6581958823515234,2.3688952267181365,1.9609987235927122
SDSS r,2,1.3,0.396,0.8821857253933447,0.6786044041487267,1.1480804954192105,0.8543692999810079,2.406678921095981,,1.1251695796625063,0.8065686384942875,2.7486108019462305,2.3937930932448555
SDSS r,2,1.3,0.396,1.077197555635496,0.8286135043349969,1.2925692974763554,1.0392021566030392,2.765886329744591,,1.267110398692618,0.9909460005932147,3.2292479493788164,2.9271976561373507
SDSS r,2,1.3,0.396,1.3153177845285515,1.0117829111758088,1.4646626444807316,1.2520671556513532,3.2285947208228127,,1.4467965784511736,1.213895749190284,3.833982577165882,3.571808245479517
SDSS r,2,1.3,0.396,1.6060757520717193,1.2354428862090148,1.7067041742274702,1.5308265353423263,3.816873688508686,,1.6779283734492394,1.4832598944241,4.581114525268202,4.362802149126363
SDSS r,2,1.3,0.396,1.9611073093771783,1.508544084136291,2.0183591960194964,1.8719611450855678,4.553390583066575,,1.977041318630274,1.816721622897472,5.509591098777095,5.326519420641845
SDSS r,2,1.3,0.396,2.3946204741162513,1.8420157493201934,2.4082791832347263,2.2913705178609116,5.467571686444003,,2.354043398125775,2.219740690020242,6.655263308156587,6.503062103357968
SDSS r,2,1.3,0.396,2.9239640215699625,2.2492030935153555,2.8994316281154244,2.801636312831278,6.599594389681773,,2.822981816394744,2.715238710867918,8.06589552703262,7.939531846838813
SDSS r,2,1.3,0.396,3.5703217657448847,2.7464013582652957,3.504436165573525,3.4259716295917575,7.991266939775971,,3.4083555234169385,3.319285042286324,9.798262406899864,9.694949048407494
SDSS r,2,1.3,0.396,4.3595603150093885,3.3535079346226064,4.251683194609797,4.1873549597639865,9.703168386377863,,4.1295579036088625,4.0569191696133995,11.922447178004383,11.836711826384162
SDSS r,2,1.3,0.396,5.323264228606452,4.0948186373895785,5.168557551310457,5.115585762554259,11.80153599182774,,5.0157408766997635,4.956066729686001,14.52328302374686,14.452319276210629
SDSS r,2,1.3,0.396,6.5,5.0,6.2941555185919,6.2513612175318185,14.370282987750116,,6.1049401758387125,6.056984966832188,17.704691279803466,17.647036666838794
SDSS r,4,1.3,0.396,0.325,0.25,0.6940165945937165,0.021666666666666667,1.374154773266864,,0.6828396485618485,0.021666666666666667,1.3319434747821135,0.030986152812147963
SDSS r,4,1.3,0.396,0.39684297252195966,0.30526382501689203,0.7263453711187494,0.021666666666666667,1.418203422849987,,0.7090591932677451,0.021666666666666667,1.42737210150902,0.04760333621335604
SDSS r,4,1.3,0.396,0.48456721489250715,0.37274401145577474,0.7673727433588837,0.07661785220125127,1.4815358120792794,,0.7411828930376636,0.021666666666666667,1.5688421138346678,0.06108644431402657
SDSS r,4,1.3,0.396,0.5916833659834762,0.4551410507565201,0.8236380138066861,0.20313754282254945,1.5694711327595523,,0.7828836678773367,0.021666666666666667,1.7697289237420368,0.07286345323091416
SDSS r,4,1.3,0.396,0.7224781099959423,0.555752392304571,0.8971766316513975,0.34841359631466257,1.6935162120513412,,0.8391915966527741,0.021666666666666667,2.0319182176831307,0.08267475469579379
SDSS r,4,1.3,0.396,0.8821857253933447,0.6786044041487267,0.9860208176618707,0.5223140625281137,1.8724125052691831,,0.9122354331041205,0.021666666666666667,2.363092125165793,0.09090464695826196
SDSS r,4,1.3,0.396,1.077197555635496,0.8286135043349969,1.093475790780002,0.7076294333641593,2.1365446337418543,,1.009760283370949,0.5008480771737364,2.7851653709496276,1.9628887013382115
SDSS r,4,1.3,0.396,1.3153177845285515,1.0117829111758088,1.2228945187017184,0.9049830526711838,2.515533640645816,,1.13424949340329,0.7210983029728624,3.3413213976327714,2.6956831807528783
SDSS r,4,1.3,0.396,1.6060757520717193,1.2354428862090148,1.4228960284477032,1.1751422844445512,3.0184850358429705,,1.305775160483506,0.9710716584644086,4.052476547555296,3.5398764594686005
SDSS r,4,1.3,0.396,1.9611073093771783,1.508544084136291,1.6872437651770684,1.496045102348169,3.654462883969601,,1.5274373740631104,1.2659574248127252,4.936914293560038,4.522438793078825
SDSS r,4,1.3,0.396,2.3946204741162513,1.8420157493201934,2.0303180865435277,1.8796344841927433,4.43691278678997,,1.81692576637494,1.6104019874275017,6.0214592333163734,5.6837031084229155
SDSS r,4,1.3,0.396,2.9239640215699625,2.2492030935153555,2.458659315200455,2.3410887675143637,5.3956278745641315,,2.183120116077601,2.020245608124328,7.344139316539271,7.071872217927087
SDSS r,4,1.3,0.396,3.5703217657448847,2.7464013582652957,2.9899365944619367,2.8954574773788684,6.571190221160678,,2.6433214875462965,2.5109280967674077,8.962521598957458,8.739422372707523
SDSS r,4,1.3,0.396,4.3595603150093885,3.3535079346226064,3.642698413754268,3.5638034531538474,8.006856870258392,,3.2099507029696497,3.1042306277169387,10.936998692087744,10.754011146500053
SDSS r,4,1.3,0.396,5.323264228606452,4.0948186373895785,4.439481984489525,4.377165374783621,9.761091028504122,,3.905774336720204,3.8191209531678307,13.34725265005688,13.197770583638276
SDSS r,4,1.3,0.396,6.5,5.0,5.417856253672053,5.365690908681417,11.901975832631164,,4.759571261094588,4.687077938447637,16.286869146229154,16.164903940685424
Pan-STARRS1 r,1,1.0,0.258,0.25,0.25,0.5653749985491593,0.2394061083848871,1.1450173755898405,,0.5653266647599741,0.2384131464902139,1.0533176398477193,0.5611954696431185
Pan-STARRS1 r,1,1.0,0.258,0.30526382501689203,0.30526382501689203,0.5949490606930923,0.29245340183557206,1.2098867957817128,,0.5948365691098622,0.29098901295072044,1.1235081064082948,0.6853474472784383
Pan-STARRS1 r,1,1.0,0.258,0.37274401145577474,0.37274401145577474,0.6363388696779264,0.3607147860430056,1.297597228832715,,0.6360821114076566,0.35877823463241343,1.2206697755694929,0.8386052561401294
Pan-STARRS1 r,1,1.0,0.258,0.4551410507565201,0.4551410507565201,0.6925568406088121,0.44193129995005165,1.4161697341575057,,0.6920778398306154,0.43995999857048546,1.354499300053477,1.0264948368045572
Pan-STARRS1 r,1,1.0,0.258,0.555752392304571,0.555752392304571,0.7656961629409423,0.544682922611915,1.575364285039461,,0.7647156131022237,0.5417823898289831,1.5321354925561133,1.2558728817394011
Pan-STARRS1 r,1,1.0,0.258,0.6786044041487267,0.6786044041487267,0.8593293523956484,0.6655888415887219,1.7855224690726428,,0.8578556390456055,0.6620359236522664,1.7666457179156534,1.5350620855004067
Pan-STARRS1 r,1,1.0,0.258,0.8286135043349969,0.8286135043349969,0.9824882776920261,0.8149079537860281,2.0594762741843557,,0.9802683583386284,0.8110254147162655,2.0689926589666445,1.8759439495592627
Pan-STARRS1 r,1,1.0,0.258,1.0117829111758088,1.0117829111758088,1.1374367557377931,0.9975622122171275,2.413223474802779,,1.135248442189205,0.9932534892578299,2.4534599361102467,2.292877942200985
Pan-STARRS1 r,1,1.0,0.258,1.2354428862090148,1.2354428862090148,1.3390729626217142,1.220346442280247,2.8575927401660084,,1.3352916723568606,1.2150437825564362,2.9355906415077677,2.8025441225540773
Pan-STARRS1 r,1,1.0,0.258,1.508544084136291,1.508544084136291,1.5912646268320276,1.4921090917353532,3.4162593342008103,,1.5863891816180355,1.4853213262567901,3.53428129350567,3.424571981397174
Pan-STARRS1 r,1,1.0,0.258,1.8420157493201934,1.8420157493201934,1.9057826409415146,1.8262240312070814,4.111351611423552,,1.8992495354570438,1.8188355294417053,4.274617375166396,4.184039450327431
Pan-STARRS1 r,1,1.0,0.258,2.2492030935153555,2.2492030935153555,2.2981675142469222,2.232641754838909,4.967932808089518,,2.28902195046572,2.2228611301574572,5.18647070435963,5.112835281712868
Pan-STARRS1 r,1,1.0,0.258,2.7464013582652957,2.7464013582652957,2.783663129506465,2.7284953818475604,6.023177962194494,,2.772132752923948,2.7168410894891406,6.306127530642652,6.244959995292606
Pan-STARRS1 r,1,1.0,0.258,3.3535079346226064,3.3535079346226064,3.3789110088897365,3.334490427171054,7.318754740084406,,3.365470224310911,3.3189454589198797,7.678075910409565,7.628107747232511
Pan-STARRS1 r,1,1.0,0.258,4.0948186373895785,4.0948186373895785,4.110963705117455,4.075915514103794,8.906300025854968,,4.094522021822962,4.057898270555848,9.35840289755466,9.317820783828973
Pan-STARRS1 r,1,1.0,0.258,5.0,5.0,5.008587159067024,4.978514383503645,10.85007303978639,,4.986975782671406,4.956457349644995,11.414099697305897,11.379975065837574
Pan-STARRS1 r,2,1.0,0.258,0.25,0.25,0.5921880330253604,0.233008262202004,1.1984448685967792,,0.5898015530579671,0.21870467690513207,1.1663438813534768,0.6724089171274623
Pan-STARRS1 r,2,1.0,0.258,0.30526382501689203,0.30526382501689203,0.6264669257607645,0.28681537444692967,1.2693162192054719,,0.6220706067140782,0.26975564358224535,1.2712430382757023,0.8238912924743098
Pan-STARRS1 r,2,1.0,0.258,0.37274401145577474,0.37274401145577474,0.6719301022698868,0.3560260891341367,1.360265782972987,,0.6646724795089012,0.3341917935909158,1.4097024177179185,1.0105734736455385
Pan-STARRS1 r,2,1.0,0.258,0.4551410507565201,0.4551410507565201,0.726260339534632,0.4385857886120012,1.4789640721113462,,0.7151901402406775,0.413633967699925,1.5900844858618977,1.2356414237019728
Pan-STARRS1 r,2,1.0,0.258,0.555752392304571,0.555752392304571,0.7983195563408253,0.5398549971254519,1.6394162231263962,,0.7837830647034436,0.506361104319808,1.8221945101451948,1.509162214996507
Pan-STARRS1 r,2,1.0,0.258,0.6786044041487267,0.6786044041487267,0.8831388426301613,0.6572071538315447,1.8512914777661393,,0.8655119005329976,0.6204969320715586,2.114287200139272,1.8417849150996033
Pan-STARRS1 r,2,1.0,0.258,0.8286135043349969,0.8286135043349969,0.9942840749818123,0.7986189562006009,2.1276328983742174,,0.9743161462811559,0.7622536386856414,2.4840486820472507,2.2516027614977245
Pan-STARRS1 r,2,1.0,0.258,1.0117829111758088,1.0117829111758088,1.1266635726774856,0.9622279834835322,2.484121543525393,,1.1129485591953925,0.9330074640412728,2.948987295134093,2.747517620720277
Pan-STARRS1 r,2,1.0,0.258,1.2354428862090148,1.2354428862090148,1.3128493647903612,1.1775588733402509,2.9360344324096466,,1.2907128179059517,1.1409885954908658,3.5239237107221113,3.356153419932127
Pan-STARRS1 r,2,1.0,0.258,1.508544084136291,1.508544084136291,1.5525839969380746,1.4399701116042822,3.502608140820443,,1.5208010143309805,1.3974625294035157,4.238146999059305,4.09721162559548
Pan-STARRS1 r,2,1.0,0.258,1.8420157493201934,1.8420157493201934,1.8525224486420986,1.7625927060468538,4.205824374187696,,1.8108026139429052,1.70749283847711,5.119411589737867,5.002355464121517
Pan-STARRS1 r,2,1.0,0.258,2.2492030935153555,2.2492030935153555,2.230332021627248,2.1556339720419064,5.076611068985975,,2.1717458732446784,2.0886616855348046,6.204535020794321,6.107454746862893
Pan-STARRS1 r,2,1.0,0.258,2.7464013582652957,2.7464013582652957,2.6959158219955635,2.635362791993659,6.1471851865775395,,2.6218200114536567,2.5532961863740944,7.537186630191106,7.457653114159622
Pan-STARRS1 r,2,1.0,0.258,3.3535079346226064,3.3535079346226064,3.2705255343152237,3.220667931856497,7.463975681829125,,3.176583002776047,3.1207047938846606,9.17116879495963,9.105145371033645
Pan-STARRS1 r,2,1.0,0.258,4.0948186373895785,4.0948186373895785,3.975893635832286,3.9352600944526626,9.07810460909827,,3.85806947374676,3.8120626872433863,11.171756172112978,11.11724859575527
Pan-STARRS1 r,2,1.0,0.258,5.0,5.0,4.841658091224542,4.8087393981013955,11.054063836730858,,4.69610843826238,4.659219205255527,13.61899794985016,13.574643589875953
Pan-STARRS1 r,4,1.0,0.258,0.25,0.25,0.5338589189182433,0.016666666666666666,1.057042133282203,,0.5252612681244989,0.016666666666666666,1.02457190367855,0.02383550216319074
Pan-STARRS1 r,4,1.0,0.258,0.30526382501689203,0.30526382501689203,0.5587272085528842,0.016666666666666666,1.0909257098846052,,0.5454297510307228,0.016666666666666666,1.0979757791049574,0.0366179509333508
Pan-STARRS1 r,4,1.0,0.258,0.37274401145577474,0.37274401145577474,0.5902867256606799,0.05893680938557775,1.1396429323686765,,0.5701406869520489,0.016666666666666666,1.2075540536414462,0.046989572549251075
Pan-STARRS1 r,4,1.0,0.258,0.4551410507565201,0.4551410507565201,0.6335677029282201,0.1562596483250379,1.2074897695828537,,0.6022285838680367,0.016666666666666666,1.3621029082511509,0.05604881017762628
Pan-STARRS1 r,4,1.0,0.258,0.555752392304571,0.555752392304571,0.690135870501075,0.26801045870358653,1.3027047785010313,,0.6455319974252108,0.016666666666666666,1.5630140136024073,0.06359596515061058
Pan-STARRS1 r,4,1.0,0.258,0.6786044041487267,0.6786044041487267,0.7584775520475926,0.40178004809854895,1.4403173117455255,,0.7017195639262465,0.016666666666666666,1.8177631732044572,0.0699266515063554
Pan-STARRS1 r,4,1.0,0.258,0.8286135043349969,0.8286135043349969,0.8406756167361791,0.5443303333570453,1.6435273462383466,,0.7767438352501455,0.38522988591230994,2.143004045369792,1.5098772709983561
Pan-STARRS1 r,4,1.0,0.258,1.0117829111758088,1.0117829111758088,0.9396477440958915,0.6961408097470645,1.9346272795172053,,0.8724602699175222,0.5546858508287928,2.5698667018553407,2.0735684736313096
Pan-STARRS1 r,4,1.0,0.258,1.2354428862090148,1.2354428862090148,1.0945354064982336,0.9039556034188869,2.3219115660330525,,1.0044424311411582,0.7468921439490724,3.1172896519656077,2.7228596684979784
Pan-STARRS1 r,4,1.0,0.258,1.508544084136291,1.508544084136291,1.2978798193669765,1.1508039248832074,2.8117815958117998,,1.1750474949582512,0.9733895555732686,3.798173667650907,3.4787990715990937
Pan-STARRS1 r,4,1.0,0.258,1.8420157493201934,1.8420157493201934,1.5617831434950207,1.4458726801482613,3.4130098359922885,,1.3976352049037994,1.239173501309359,4.631891717935671,4.372088487992943
Pan-STARRS1 r,4,1.0,0.258,2.2492030935153555,2.2492030935153555,1.8911069099220759,1.800837513472583,4.15048298043395,,1.6792235812019127,1.554054854515959,5.648643269554446,5.440220048232925
Pan-STARRS1 r,4,1.0,0.258,2.7464013582652957,2.7464013582652957,2.2999512265091826,2.227274982599128,5.054761708585137,,2.0333242211894587,1.9310442725692911,6.894247383813424,6.722516938834311
Pan-STARRS1 r,4,1.0,0.258,3.3535079346226064,3.3535079346226064,2.80128205838133,2.7415171057880103,6.159115797151342,,2.469462389607003,2.387894632565308,8.413235556982555,8.272496725605556
Pan-STARRS1 r,4,1.0,0.258,4.0948186373895785,4.0948186373895785,3.414986141915011,3.367050288295091,7.508531560387787,,3.004620611342771,2.9375104057743298,10.267117423120647,10.152380004449402
Pan-STARRS1 r,4,1.0,0.258,5.0,5.0,4.167581733593886,4.1274545451395594,9.155325925729832,,3.6613272519513784,3.605444568036646,12.52828848177103,12.434541492834928
KiDS r,1,0.72,0.214,0.18,0.25,0.4060814368356784,0.17237239803711868,0.8239043026647808,,0.4060436853572785,0.171652712391077,0.7583871183592923,0.4027393083135477
KiDS r,1,0.72,0.214,0.21978995401216225,0.30526382501689203,0.4283633236990265,0.21056644932161186,0.8711184929628332,,0.4282823297591008,0.20951208932451876,0.8081888748374274,0.493450162040476
KiDS r,1,0.72,0.214,0.26837568824815783,0.37274401145577474,0.458163986168107,0.2597146459509641,0.9339313006991071,,0.45797873541665357,0.2583234055718179,0.8788799710189622,0.6042269972238716
KiDS r,1,0.72,0.214,0.32770155654469446,0.4551410507565201,0.4986409252383448,0.3181905359640372,1.019642208593404,,0.49829509110572007,0.31677119897074946,0.9752335843917723,0.7390762824992809
KiDS r,1,0.72,0.214,0.4001417224592911,0.555752392304571,0.5513012373174784,0.39071017701043464,1.1342622852284119,,0.5505952414336011,0.38877310583649605,1.1031375546404019,0.904107390701043
KiDS r,1,0.72,0.214,0.4885951709870832,0.6786044041487267,0.6187171337248668,0.47922396594387995,1.285576177732303,,0.6176560601128359,0.4766638597702197,1.2719849168992712,1.1052317724000267
KiDS r,1,0.72,0.214,0.5966017231211977,0.8286135043349969,0.7073915599382585,0.5878798340673176,1.4828229174127363,,0.7057932180038123,0.5849434760868721,1.4896747144559848,1.3506796436826691
KiDS r,1,0.72,0.214,0.7284836960465823,1.0117829111758088,0.8186181336552972,0.7182447927963317,1.7375209018580005,,0.8169839645820336,0.7151425122656375,1.7664911539993782,1.6508721183847095
KiDS r,1,0.72,0.214,0.8895188780704906,1.2354428862090148,0.964132533087634,0.8786494384417777,2.0581157479888286,,0.9614184851531123,0.8748315234406341,2.1138849977312226,2.018435495718795
KiDS r,1,0.72,0.214,1.0861517405781294,1.508544084136291,1.1457105313190596,1.074318546049454,2.459706720624583,,1.1422002107649847,1.0694329108868028,2.5446825313240793,2.465702327825268
KiDS r,1,0.72,0.214,1.3262513395105393,1.8420157493201934,1.3721635014778912,1.314881302469098,2.9601731602249566,,1.3674596655290718,1.3095615811980272,3.0777245101198063,3.0125084042357453
KiDS r,1,0.72,0.214,1.619426227331056,2.2492030935153555,1.654680610257784,1.607292023146105,3.5769116218244523,,1.6480958043353187,1.6003785689544576,3.7340771627833447,3.6812414028332636
KiDS r,1,0.72,0.214,1.977408977951013,2.7464013582652957,2.0042479658037884,1.9645166749302436,4.336688132780036,,1.9959355821052438,1.9561273743614815,4.540411822062712,4.496383714462354
KiDS r,1,0.72,0.214,2.4145257129282767,3.3535079346226064,2.432815926400611,2.400981147184355,5.26950189261114,,2.423138538474765,2.3899369124616077,5.528236293643635,5.492279772827918
KiDS r,1,0.72,0.214,2.9482694189204963,4.0948186373895785,2.9598938676845656,2.934659170154732,6.412536018615577,,2.948055855712532,2.9216896973660655,6.738050086239354,6.708850826596494
KiDS r,1,0.72,0.214,3.5999999999999996,5.0,3.606182754528254,3.584530356122626,7.812207262809039,,3.5906250022435207,3.56864964896418,8.218168612996873,8.19358449719841
KiDS r,2,0.72,0.214,0.18,0.25,0.42637538377825956,0.16776594878544288,0.8628803053896811,,0.4246571182017363,0.15743823098888346,0.8397675945745028,0.48390510856507724
KiDS r,2,0.72,0.214,0.21978995401216225,0.30526382501689203,0.45105618654775037,0.20650706960178927,0.9138010928303097,,0.44788923153285365,0.1942240633792166,0.9148508354788395,0.59413944115706
KiDS r,2,0.72,0.214,0.26837568824815783,0.37274401145577474,0.48378967363431874,0.2563387841765783,0.9793913637405508,,0.4785641852464088,0.24066457679273057,1.0149857407569016,0.7279882210717283
KiDS r,2,0.72,0.214,0.32770155654469446,0.4551410507565201,0.5229074444649349,0.31578176780064104,1.0648541319201692,,0.5149335940098284,0.2978164567439461,1.1448314290067905,0.8896618250654204
KiDS r,2,0.72,0.214,0.4001417224592911,0.555752392304571,0.575330942310614,0.3874928860982073,1.1804645879467657,,0.5643429882876138,0.36457999511026173,1.312003510182354,1.086596794797486
KiDS r,2,0.72,0.214,0.4885951709870832,0.6786044041487267,0.6358599666937161,0.47318915075871204,1.3329298639916207,,0.6231685683837582,0.4467577910915223,1.5222867841002765,1.326085138871715
KiDS r,2,0.72,0.214,0.5966017231211977,0.8286135043349969,0.7158845339869043,0.5755581175032214,1.5318956868294367,,0.701507625322432,0.5488226198536623,1.7885150510740182,1.6207339818782773
KiDS r,2,0.72,0.214,0.7284836960465823,1.0117829111758088,0.8105702160509074,0.6928041481081431,1.7885675113382837,,0.8005587692213171,0.6717688516700703,2.12361889517151,1.9782377019749153
KiDS r,2,0.72,0.214,0.8895188780704906,1.2354428862090148,0.9451577890518315,0.8478423888049806,2.1139608120971194,,0.928676777339208,0.8212702694387032,2.5372326601485424,2.4164304623511326
KiDS r,2,0.72,0.214,1.0861517405781294,1.508544084136291,1.1178604777954144,1.0367784803550832,2.521877861390719,,1.0949767303183064,1.0061842834509074,3.0514658393227023,2.9500722945093307
KiDS r,2,0.72,0.214,1.3262513395105393,1.8420157493201934,1.3338161630223104,1.2690667483537348,3.028193549415141,,1.3037778820388912,1.229394843703519,3.685991986055958,3.601695934167484
KiDS r,2,0.72,0.214,1.619426227331056,2.2492030935153555,1.6056596721738305,1.5520564598701725,3.655159969669901,,1.5636570287361677,1.5038364135850593,4.467265214971908,4.397367417741283
KiDS r,2,0.72,0.214,1.977408977951013,2.7464013582652957,1.941059391836807,1.897461210235434,4.425932458952843,,1.8877045975847655,1.8383360422471415,5.426729948436839,5.369510242194928
KiDS r,2,0.72,0.214,2.4145257129282767,3.3535079346226064,2.354778384706962,2.3191504392539013,5.37406249091697,,2.287139761998753,2.2468977602443228,6.60324153237093,6.5555897010996
KiDS r,2,0.72,0.214,2.9482694189204963,4.0948186373895785,2.862643417799249,2.833387268005916,6.536147609412552,,2.777803780950956,2.744905712235918,8.043618692054702,8.004418988943792
KiDS r,2,0.72,0.214,3.5999999999999996,5.0,3.4859938256816663,3.462292366633002,7.958925962446206,,3.3811985152486925,3.3546378277839763,9.805681877431518,9.773743384710663
KiDS r,4,0.72,0.214,0.18,0.25,0.3834783460371841,0.012,0.7610703359631863,,0.37773815507945674,0.012,0.737691770648556,0.017161561557497332
KiDS r,4,0.72,0.214,0.21978995401216225,0.30526382501689203,0.4009223062211078,0.012,0.7854048342497709,,0.39119919096822636,0.012,0.7901705079791436,0.02636492467201258
KiDS r,4,0.72,0.214,0.26837568824815783,0.37274401145577474,0.42500644247568964,0.04243450275761587,0.8200549267870879,,0.40975491750726917,0.012,0.8692962387426267,0.03383249223546082
KiDS r,4,0.72,0.214,0.32770155654469446,0.4551410507565201,0.4561687461083187,0.11250694679402738,0.8693926340996546,,0.43360458038498656,0.012,0.9807140939408303,0.040355143327890926
KiDS r,4,0.72,0.214,0.4001417224592911,0.555752392304571,0.4968978267607742,0.19296753026658237,0.937558216066622,,0.4647636393633238,0.012,1.1251669106517208,0.04578909490843962
KiDS r,4,0.72,0.214,0.4885951709870832,0.6786044041487267,0.5461038374742666,0.2892816346309555,1.0370284644567787,,0.5052380860268975,0.012,1.3087894847072086,0.05034718908457589
KiDS r,4,0.72,0.214,0.5966017231211977,0.8286135043349969,0.6056173610473858,0.3904778490535523,1.1833170279185652,,0.5592518492516027,0.27736551785686325,1.542926844431759,1.087111635118817
KiDS r,4,0.72,0.214,0.7284836960465823,1.0117829111758088,0.6765463757490419,0.5012213830178862,1.3929316412523884,,0.6281713943406162,0.3977882175056321,1.85008092267842,1.49296930101454
KiDS r,4,0.72,0.214,0.8895188780704906,1.2354428862090148,0.7877784397858294,0.650848034461598,1.671776327543799,,0.7231985504216342,0.5377623436433321,2.2444485494152397,1.9604589613185435
KiDS r,4,0.72,0.214,1.0861517405781294,1.508544084136291,0.9340105451780318,0.8285788259159089,2.024010212660087,,0.8459653148657229,0.7008404800127529,2.734290993356331,2.5047353315513474
KiDS r,4,0.72,0.214,1.3262513395105393,1.8420157493201934,1.124483863316415,1.0410283297067493,2.457367081914448,,1.006297347530736,0.892203924134787,3.334962036913682,3.1478971062034637
KiDS r,4,0.72,0.214,1.619426227331056,2.2492030935153555,1.3615969751438957,1.2966030097002588,2.9883477459124426,,1.2091126796737484,1.11891949525149,4.067523313775591,3.9169584347277038
KiDS r,4,0.72,0.214,1.977408977951013,2.7464013582652957,1.6559648830866112,1.6034986751164226,3.639428430181295,,1.4639934392564093,1.3903518762498899,4.963858116345659,4.840212195960702
KiDS r,4,0.72,0.214,2.4145257129282767,3.3535079346226064,2.0174945060792866,1.9738923161673638,4.434566881989257,,1.7779963605724822,1.7192841354470214,6.057414660233204,5.956197642435997
KiDS r,4,0.72,0.214,2.9482694189204963,4.0948186373895785,2.4587900221788126,2.4242762075724626,5.4061427234792045,,2.1633268401667975,2.115218730440029,7.392324544646877,7.309617669009161
KiDS r,4,0.72,0.214,3.5999999999999996,5.0,3.0006588481875967,2.971767272500484,6.591834666525474,,2.6361556214049906,2.5959131081653464,9.020367706875133,8.952823751397792
Euclid VIS,1,0.17,0.101,0.0425,0.25,0.09611374975335706,0.040699038425430815,0.19465295385027293,,0.09610553300919558,0.04053023490333636,0.17906399877411233,0.09540322983933015
Euclid VIS,1,0.17,0.101,0.05189485025287165,0.30526382501689203,0.10114134031782572,0.04971707831204724,0.20568075528289115,,0.1011222167486766,0.04946813220162248,0.1909963780894102,0.11650906603733452
Euclid VIS,1,0.17,0.101,0.0633664819474817,0.37274401145577474,0.10817760784524749,0.06132151362731097,0.22059152890156164,,0.10813395893930161,0.0609930263155681,0.20751386184681378,0.1426647076778586
Euclid VIS,1,0.17,0.101,0.07737397862860843,0.4551410507565201,0.1177346629034981,0.07512832099150879,0.240748854806776,,0.1176530076221839,0.0747944166390855,0.23026348520361298,0.17451301466957395
Euclid VIS,1,0.17,0.101,0.09447790669177707,0.555752392304571,0.1301683476999602,0.09259609684402555,0.26781192845670837,,0.13000165422737803,0.09210300627092713,0.26046303373453933,0.2134983898956982
Euclid VIS,1,0.17,0.101,0.11536274870528354,0.6786044041487267,0.14608598990726027,0.11315010307008277,0.30353881974234936,,0.14583545863775293,0.11254563355685743,0.3003297720456611,0.2609575018166729
Euclid VIS,1,0.17,0.101,0.14086429573694947,0.8286135043349969,0.16702912249171037,0.13880496082144997,0.35011096661134056,,0.16666780075026802,0.13811165407606701,0.3517287520243298,0.31891047142507456
Euclid VIS,1,0.17,0.101,0.1720030948998875,1.0117829111758088,0.1933642484754249,0.16958557607691171,0.41024799071647244,,0.19299259539446786,0.1688530931738311,0.4170908302816588,0.3897892501741677
Euclid VIS,1,0.17,0.101,0.21002529065553252,1.2354428862090148,0.22764240364569133,0.20745889518764196,0.4859439960529178,,0.22700158677226256,0.20655744303459414,0.4991117355754274,0.4765750476002706
Euclid VIS,1,0.17,0.101,0.25645249430316946,1.508544084136291,0.2705149865614447,0.25365854559501,0.5807640868141376,,0.26968640250129483,0.2525049928482729,0.6008294338238853,0.5821797162920772
Euclid VIS,1,0.17,0.101,0.3131426773844329,1.8420157493201934,0.3240664694814337,0.3104580853052041,0.6989297739420036,,0.3229317335859394,0.30920204000509005,0.7266860715976758,0.7112867065556633
Euclid VIS,1,0.17,0.101,0.38236452589761044,2.2492030935153555,0.39068847742197693,0.3795490983226144,0.8445485773752178,,0.38913373157917247,0.37788578654241023,0.8817000197411379,0.8691722126111014
Euclid VIS,1,0.17,0.101,0.4668882309051003,2.7464013582652957,0.47322521414811686,0.46384421491408523,1.0239402535730642,,0.4712625679970712,0.4618634078353496,1.0720416802092503,1.06164615480361
Euclid VIS,1,0.17,0.101,0.5700963488858432,3.3535079346226064,0.5743131216085392,0.5667501466452836,1.244139084192193,,0.5720268945830158,0.5641065669526742,1.305252237801403,1.2967427266788074
Euclid VIS,1,0.17,0.101,0.6961191683562284,4.0948186373895785,0.6988494110350987,0.6928179532113039,1.5140403513482077,,0.6960123593157204,0.6897542063405054,1.590912596988189,1.583990769294019
Euclid VIS,1,0.17,0.101,0.8500000000000001,5.0,0.8514598170413935,0.8463474451956206,1.844548937052136,,0.8477864588630534,0.8425978337832101,1.9404009225131515,1.9345963396162937
Euclid VIS,2,0.17,0.101,0.0425,0.25,0.10067196561431126,0.03961140457434067,0.20373562766145248,,0.10026626401985442,0.03717979507387244,0.19827845983009093,0.1143095159116686
Euclid VIS,2,0.17,0.101,0.05189485025287165,0.30526382501689203,0.10649937737932998,0.04875861365597809,0.21578375726493024,,0.10575200314139331,0.04585845940898173,0.21611131650686943,0.14028292360652814
Euclid VIS,2,0.17,0.101,0.0633664819474817,0.37274401145577474,0.11422811738588076,0.06052443515280314,0.23124518310540781,,0.11299432151651322,0.056823580631616945,0.23964941101204618,0.17188610775304689
Euclid VIS,2,0.17,0.101,0.07737397862860843,0.4551410507565201,0.12346425772088743,0.07455958406404026,0.25142389225892886,,0.12158154303009837,0.07031777450898725,0.2703074207377145,0.21005904202933537
Euclid VIS,2,0.17,0.101,0.09447790669177707,0.555752392304571,0.1358420280455616,0.09177534951132685,0.2787208054874308,,0.13324765001235322,0.08608138773436737,0.3097786065708337,0.2565575765494063
Euclid VIS,2,0.17,0.101,0.11536274870528354,0.6786044041487267,0.15013360324712743,0.1117252161513626,0.31471955122024375,,0.1471370230906096,0.10548447845216499,0.3594288240236764,0.3131034355669327
Euclid VIS,2,0.17,0.101,0.14086429573694947,0.8286135043349969,0.16902829274690803,0.13589566663270505,0.36169759272361696,,0.16569926856262313,0.12958311857655913,0.4222882759480321,0.38277246945461324
Euclid VIS,2,0.17,0.101,0.1720030948998875,1.0117829111758088,0.19153280735517259,0.1637318588159462,0.42230066239931674,,0.18920125506321675,0.1587386206878934,0.5014100169154959,0.4670779955224471
Euclid VIS,2,0.17,0.101,0.21002529065553252,1.2354428862090148,0.22318439201436152,0.20018500846784268,0.4991296361895975,,0.2194214026818236,0.19396806123344718,0.5990688225350725,0.5705460813884615
Euclid VIS,2,0.17,0.101,0.25645249430316946,1.508544084136291,0.2639392794794728,0.24479491897272804,0.5954433839394752,,0.25853617243626675,0.23757128914813094,0.7204849898400822,0.6965448473147032
Euclid VIS,2,0.17,0.101,0.3131426773844329,1.8420157493201934,0.3149288162691566,0.2996407600279652,0.7149901436119078,,0.30783644437029384,0.2902737825411087,0.8703036633743234,0.8504004289006565
Euclid VIS,2,0.17,0.101,0.38236452589761044,2.2492030935153555,0.3791564436766322,0.3664577752471243,0.8630279672062714,,0.36919714205002463,0.3550724865409169,1.054773710293035,1.0382564949011122
Euclid VIS,2,0.17,0.101,0.4668882309051003,2.7464013582652957,0.4583056897392458,0.44801167463892155,1.045008038836861,,0.4457077586397908,0.43406041170068255,1.281309163258689,1.267794306034474
Euclid VIS,2,0.17,0.101,0.5700963488858432,3.3535079346226064,0.5559521694854624,0.5475725565900221,1.268863847258997,,0.5399631761083188,0.5305047041513252,1.559064133122835,1.5478194549937307
Euclid VIS,2,0.17,0.101,0.6961191683562284,4.0948186373895785,0.6758266644300338,0.668964117629091,1.543244474084931,,0.6558874346635396,0.6480201511870294,1.8991733360509737,1.8899165928331694
Euclid VIS,2,0.17,0.101,0.8500000000000001,5.0,0.8230570668914939,0.8174117292463208,1.8791908522442464,,0.798338330686601,0.792067505546005,2.315226377819967,2.307691318192564
Euclid VIS,4,0.17,0.101,0.0425,0.25,0.09075601621610138,0.0028333333333333335,0.17969716265797456,,0.08929441558116483,0.0028333333333333335,0.17417722362535343,0.004052035367742412
Euclid VIS,4,0.17,0.101,0.05189485025287165,0.30526382501689203,0.09498362545399029,0.0028333333333333335,0.1854573706803829,,0.09272305767522286,0.0028333333333333335,0.18665588244784276,0.006225051658669637
Euclid VIS,4,0.17,0.101,0.0633664819474817,0.37274401145577474,0.10034874336231561,0.010019257595548205,0.19373929850267502,,0.09692391678184832,0.0028333333333333335,0.20528418911904586,0.007988227333372682
Euclid VIS,4,0.17,0.101,0.07737397862860843,0.4551410507565201,0.10770650949779743,0.026564140215256465,0.20527326082908515,,0.10237885925756625,0.0028333333333333335,0.23155749440269566,0.009528297730196467
Euclid VIS,4,0.17,0.101,0.09447790669177707,0.555752392304571,0.11732309798518273,0.045561777979609745,0.2214598123451754,,0.10974043956228585,0.0028333333333333335,0.2657123823124093,0.010811314075603803
Euclid VIS,4,0.17,0.101,0.11536274870528354,0.6786044041487267,0.1289411838480907,0.0683026081767534,0.24485394299673946,,0.11929232586746188,0.0028333333333333335,0.30901973944475764,0.01188753075608041
Euclid VIS,4,0.17,0.101,0.14086429573694947,0.8286135043349969,0.1429929880250772,0.09253615667069767,0.2793942982585501,,0.13204557551773952,0.0654890806050927,0.36430217160194334,0.2566791360697203
Euclid VIS,4,0.17,0.101,0.1720030948998875,1.0117829111758088,0.1599169755225324,0.11834393765700096,0.3289543991613761,,0.14832321234848167,0.0942965946408947,0.4369253783259183,0.3525066405173222
Euclid VIS,4,0.17,0.101,0.21002529065553252,1.2354428862090148,0.18607101910469967,0.1536724525812107,0.39472496622561914,,0.17075521329399695,0.1269814056916444,0.5299392408341539,0.4629462132485173
Euclid VIS,4,0.17,0.101,0.25645249430316946,1.508544084136291,0.22063956929238582,0.19563666723014522,0.4778913002114094,,0.1997440792670811,0.1655493757519274,0.6456132043807162,0.5914032015264767
Euclid VIS,4,0.17,0.101,0.3131426773844329,1.8420157493201934,0.26550313439415363,0.2457983556252047,0.5802116721186884,,0.23760131402071918,0.21065925986515802,0.7874472656651891,0.7432534834091502
Euclid VIS,4,0.17,0.101,0.38236452589761044,2.2492030935153555,0.32151698737236806,0.30614237729033933,0.7055821066737706,,0.2854849382563017,0.26418932526771305,0.9603866161404264,0.9248374081995963
Euclid VIS,4,0.17,0.101,0.4668882309051003,2.7464013582652957,0.39099170850656106,0.3786367470418522,0.8593138695797907,,0.34566571940888974,0.32834927124278945,1.1720263441898018,1.1428278796018325
Euclid VIS,4,0.17,0.101,0.5700963488858432,3.3535079346226064,0.47613562099993073,0.4659931671703165,1.0470539319280796,,0.41961208132568495,0.405874787546212,1.4302539116885105,1.4062560768352532
Euclid VIS,4,0.17,0.101,0.6961191683562284,4.0948186373895785,0.5805086797853002,0.5722962000628834,1.2763815291165934,,0.5106541609113548,0.4994148304506223,1.7453393650103866,1.7258078556212866
Euclid VIS,4,0.17,0.101,0.8500000000000001,5.0,0.7084888947109617,0.7016672726737252,1.5564054073740723,,0.6224256328317348,0.6129255765662297,2.129809041901075,2.113863026646683
