Index,TARGETID,TARGET_RA,TARGET_DEC,SURVEY,PROGRAM,HEALPIX,objName,gPSFMag,rPSFMag,iPSFMag,zPSFMag,yPSFMag,gPSFMagErr,rPSFMagErr,iPSFMagErr,zPSFMagErr,yPSFMagErr,gKronMag,rKronMag,iKronMag,zKronMag,yKronMag,gKronMagErr,rKronMagErr,iKronMagErr,zKronMagErr,yKronMagErr,gKronRad,rKronRad,iKronRad,zKronRad,yKronRad,gexpTime,rexpTime,iexpTime,zexpTime,yexpTime,distance,Index,processing_index,original_index
0,39628017596632344,253.29295663061592,9.498482173831434,main,bright,31578,PSO J253.2930+09.4984,22.40730094909668,20.854400634765625,20.080799102783203,19.726600646972656,19.571399688720703,0.06820400059223175,0.02208399958908558,0.01570799946784973,0.018626000732183456,0.03145299851894379,21.3927001953125,20.349300384521484,19.50909996032715,19.19729995727539,18.97369956970215,0.05609700083732605,0.02338300086557865,0.018706999719142914,0.021608000621199608,0.03448000177741051,3.2834599018096924,2.610059976577759,3.230329990386963,2.9826600551605225,2.8569700717926025,989.0,1631.0,2745.0,810.0,960.0,0.12099962953746117,2900,2900,2900
1,39628017680516047,258.2516154058225,9.449657909592998,main,dark,31573,PSO J258.2516+09.4497,22.731000900268555,21.06369972229004,20.268999099731445,19.721200942993164,19.46109962463379,0.09567800164222717,0.022972000762820244,0.012838000431656837,0.01622300036251545,0.03275600075721741,22.81439971923828,20.82040023803711,19.909900665283203,19.42970085144043,19.11520004272461,0.1444370001554489,0.030880000442266464,0.016853999346494675,0.022710999473929405,0.04327699914574623,2.2411000728607178,2.4046499729156494,2.6486899852752686,2.70743989944458,2.797679901123047,731.0,920.0,1620.0,750.0,860.0,0.017423025719759365,2901,2901,2901
2,39628017701493909,259.72552782105237,9.53035456220379,main,bright,31914,PSO J259.7255+09.5304,22.39940071105957,20.731800079345703,20.03849983215332,19.669099807739258,19.458200454711914,0.07424099743366241,0.020459000021219254,0.01209300011396408,0.01715400069952011,0.03370499983429909,22.61440086364746,20.55739974975586,19.920799255371094,19.507299423217773,19.52120018005371,0.12198399752378464,0.02750599943101406,0.01837800070643425,0.024807000532746315,0.051242999732494354,2.0963199138641357,2.4492099285125732,2.686000108718872,2.565850019454956,2.2824900150299072,602.0,680.0,1755.0,780.0,940.0,0.02303431515808889,2902,2902,2902
3,39628017709880810,260.1913692194651,9.619913555533492,main,bright,31913,PSO J260.1914+09.6199,21.489900588989258,20.020000457763672,19.28969955444336,18.946699142456055,18.724300384521484,0.035666998475790024,0.008697999641299248,0.0048870001919567585,0.008239000104367733,0.015548000112175941,21.25629997253418,19.4867000579834,18.874300003051758,18.566600799560547,18.357099533081055,0.04605000093579292,0.011237000115215778,0.0068060001358389854,0.011392000131309032,0.021073000505566597,2.5736000537872314,3.2455201148986816,3.47625994682312,3.232100009918213,2.9943900108337402,817.0,720.0,1980.0,780.0,940.0,0.026136863105126293,2903,2903,2903
4,39628017709880810,260.1913692194651,9.619913555533492,main,dark,31913,PSO J260.1914+09.6199,21.489900588989258,20.020000457763672,19.28969955444336,18.946699142456055,18.724300384521484,0.035666998475790024,0.008697999641299248,0.0048870001919567585,0.008239000104367733,0.015548000112175941,21.25629997253418,19.4867000579834,18.874300003051758,18.566600799560547,18.357099533081055,0.04605000093579292,0.011237000115215778,0.0068060001358389854,0.011392000131309032,0.021073000505566597,2.5736000537872314,3.2455201148986816,3.47625994682312,3.232100009918213,2.9943900108337402,817.0,720.0,1980.0,780.0,940.0,0.026136863105126293,2904,2904,2904
5,39628018708125619,320.47341629219983,9.430662148895932,main,bright,12367,PSO J320.4734+09.4307,20.282100677490234,19.288700103759766,18.7549991607666,18.421100616455078,18.293899536132812,0.010979999788105488,0.006719000171869993,0.004110000096261501,0.009499999694526196,0.015692999586462975,20.072999954223633,18.93630027770996,18.39189910888672,18.18079948425293,17.997900009155273,0.013731000013649464,0.00839299988001585,0.005814999807626009,0.01231400016695261,0.02115200087428093,2.8100900650024414,3.0548999309539795,3.5919699668884277,2.6853599548339844,2.605220079421997,989.0,1040.0,1800.0,750.0,940.0,0.031095283478705913,2905,2905,2905
6,39628019286934324,355.22983186331044,9.532578809401771,main,bright,19610,PSO J355.2298+09.5326,21.65130043029785,20.152799606323242,19.528499603271484,19.143999099731445,19.02440071105957,0.04612699896097183,0.010204000398516655,0.009229999966919422,0.01273099984973669,0.021409999579191208,,,18.896299362182617,18.601600646972656,18.414100646972656,,,0.011455000378191471,0.01706800051033497,0.029154999181628227,,,3.4828600883483887,3.382319927215576,2.9868500232696533,774.0,1400.0,1080.0,810.0,780.0,0.02103615003427,2906,2906,2906
7,39628019341459944,358.5101602284028,9.607770875412674,main,dark,19606,PSO J358.5102+09.6078,22.02829933166504,20.254899978637695,19.780399322509766,19.362499237060547,19.155500411987305,0.08288100361824036,0.02102299965918064,0.012918000109493732,0.012547999620437622,0.029513999819755554,21.731000900268555,19.925100326538086,19.182199478149414,18.933500289916992,18.52869987487793,0.10496299713850021,0.027847999706864357,0.018302999436855316,0.01798499934375286,0.04024700075387955,2.9431400299072266,3.0933399200439453,3.7673699855804443,3.0664000511169434,3.1633400917053223,774.0,1640.0,1170.0,870.0,910.0,0.03596235837189953,2907,2907,2907
8,39628019341459944,358.5101602284028,9.607770875412674,main,dark,19606,PSO J358.5102+09.6078,22.007099151611328,20.247900009155273,19.773300170898438,19.354900360107422,19.227100372314453,0.07945500314235687,0.02134300023317337,0.012887000106275082,0.012765999883413315,0.03379200026392937,21.747900009155273,19.927000045776367,19.16939926147461,18.94529914855957,18.553600311279297,0.10668899863958359,0.028132999315857887,0.0183119997382164,0.018031999468803406,0.04208400100469589,2.947999954223633,3.1415200233459473,3.795099973678589,2.9793100357055664,3.185889959335327,817.0,1800.0,1170.0,750.0,870.0,0.03596235837189953,2907,2907,2907
9,39628019404374275,2.296941976156006,9.780086086740074,main,dark,19561,PSO J002.2969+09.7801,22.164400100708008,20.556800842285156,19.83300018310547,19.510900497436523,19.222200393676758,0.053991999477148056,0.01852799952030182,0.009277000091969967,0.017570000141859055,0.025709999725222588,21.9281005859375,20.290000915527344,19.381200790405273,19.163400650024414,18.8799991607666,0.06908799707889557,0.024788999930024147,0.013112000189721584,0.02312999963760376,0.03285599872469902,2.541990041732788,2.8460400104522705,3.228490114212036,2.7608399391174316,2.5940699577331543,1032.0,920.0,1080.0,690.0,960.0,0.3148648644057965,2908,2908,2908
10,39628019597316729,14.18548046553481,9.722221131193816,main,bright,18348,PSO J014.1855+09.7222,21.87459945678711,20.22909927368164,19.372600555419922,18.996999740600586,18.861799240112305,0.04390899837017059,0.012121000327169895,0.006769000086933374,0.011184999719262123,0.019314000383019447,21.51919937133789,19.909400939941406,18.99049949645996,18.652700424194336,18.507699966430664,0.05631700158119202,0.01634800061583519,0.009704000316560268,0.016286000609397888,0.026327000930905342,2.8235299587249756,2.853060007095337,3.486690044403076,3.11299991607666,2.8233799934387207,903.0,920.0,1260.0,870.0,920.0,0.005642526849587708,2909,2909,2909
11,39628019597316729,14.18548046553481,9.722221131193816,main,dark,18348,PSO J014.1855+09.7222,21.87459945678711,20.22909927368164,19.372600555419922,18.996999740600586,18.861799240112305,0.04390899837017059,0.012121000327169895,0.006769000086933374,0.011184999719262123,0.019314000383019447,21.51919937133789,19.909400939941406,18.99049949645996,18.652700424194336,18.507699966430664,0.05631700158119202,0.01634800061583519,0.009704000316560268,0.016286000609397888,0.026327000930905342,2.8235299587249756,2.853060007095337,3.486690044403076,3.11299991607666,2.8233799934387207,903.0,920.0,1260.0,870.0,920.0,0.005642526849587708,2910,2910,2910
12,39628019744114116,22.90511114873717,9.796533852016642,main,bright,18282,PSO J022.9051+09.7965,21.562599182128906,19.91670036315918,19.292499542236328,19.01650047302246,18.813400268554688,0.037154000252485275,0.009081000462174416,0.00877700001001358,0.009769000113010406,0.019499000161886215,21.234100341796875,19.72610092163086,19.162700653076172,18.75629997253418,18.66349983215332,0.04617900028824806,0.012974999845027924,0.012625999748706818,0.013543999753892422,0.02817399986088276,2.7841598987579346,2.924649953842163,2.625349998474121,3.038830041885376,2.421570062637329,817.0,1120.0,1440.0,840.0,900.0,0.004679272884698107,2911,2911,2911
13,39628019773474172,24.659371381626027,9.74559741683972,main,dark,18281,PSO J024.6594+09.7456,22.227800369262695,20.388999938964844,19.744199752807617,19.29560089111328,19.066999435424805,0.0763079971075058,0.020394999533891678,0.008574999868869781,0.01385900005698204,0.024833999574184418,,,18.968000411987305,19.252700805664062,18.4419002532959,,,0.014639000408351421,0.017833000048995018,0.03276199847459793,,,4.809879779815674,2.194540023803711,3.291330099105835,817.0,720.0,1125.0,750.0,930.0,0.04412451851350988,2912,2912,2912
14,39628020004164408,38.76526782184696,9.861297859180011,main,dark,165,PSO J038.7653+09.8613,22.57200050354004,20.5669002532959,19.900999069213867,19.4867000579834,19.2992000579834,0.12610000371932983,0.025465000420808792,0.010812999680638313,0.01534000039100647,0.02439800091087818,22.6427001953125,20.1919002532959,19.292499542236328,19.02039909362793,18.833099365234375,0.17273899912834167,0.031032999977469444,0.015730999410152435,0.02019299939274788,0.032388001680374146,2.1359899044036865,3.030319929122925,3.8118300437927246,2.9414799213409424,2.818190097808838,602.0,560.0,1215.0,630.0,640.0,0.0402208325296167,2913,2913,2913
15,39628021400866938,123.12811650660348,9.730717268825272,main,dark,22357,PSO J123.1281+09.7307,21.968700408935547,20.352699279785156,20.05419921875,19.628799438476562,19.21030044555664,0.055034998804330826,0.016642000526189804,0.01243400014936924,0.017542000859975815,0.025381000712513924,,,,,18.889799118041992,,,,,0.035259999334812164,,,,,2.5780999660491943,980.0,982.0,1335.0,750.0,710.0,0.08167982663354248,2914,2914,2914
16,39628021837072659,149.42720624035027,9.680769914234086,main,bright,27558,PSO J149.4272+09.6808,20.852500915527344,19.524900436401367,18.939599990844727,18.690099716186523,18.548599243164062,0.01874700002372265,0.006874000187963247,0.004004999995231628,0.007315999828279018,0.013907999731600285,20.673099517822266,19.225400924682617,18.586000442504883,18.395299911499023,18.293800354003906,0.024746999144554138,0.009542999789118767,0.00634900014847517,0.010638999752700329,0.020747000351548195,2.868540048599243,3.604330062866211,4.201419830322266,3.3334100246429443,2.8420000076293945,808.0,952.0,1954.0,676.0,800.0,0.02026545357331686,2915,2915,2915
17,39628021866436427,151.34873362831797,9.724043391867871,main,bright,27557,PSO J151.3487+09.7240,21.694700241088867,20.316699981689453,19.664100646972656,19.44569969177246,19.25029945373535,0.044950999319553375,0.01368200033903122,0.008434999734163284,0.012769999913871288,0.02784699946641922,21.547399520874023,20.20479965209961,19.59830093383789,19.4507999420166,19.058500289916992,0.057402998208999634,0.01987599954009056,0.014104999601840973,0.018511999398469925,0.041836999356746674,2.5669100284576416,2.8025400638580322,2.9887399673461914,2.5426900386810303,2.544840097427368,912.0,992.0,2089.0,856.0,740.0,0.006739154327402691,2916,2916,2916
18,39628022646571978,198.28954958450703,9.70334091107258,main,bright,26523,PSO J198.2895+09.7033,21.99370002746582,20.311899185180664,19.666000366210938,19.31060028076172,19.12380027770996,0.07468099892139435,0.01498700026422739,0.009963000193238258,0.009916000068187714,0.019548000767827034,21.752599716186523,19.954099655151367,18.964000701904297,18.628799438476562,18.550899505615234,0.0916839987039566,0.019088000059127808,0.013628000393509865,0.013581999577581882,0.02375900000333786,2.902329921722412,3.225909948348999,4.16841983795166,4.033060073852539,3.327270030975342,817.0,952.0,1485.0,1020.0,1170.0,0.014150533924628804,2917,2917,2917
19,39628022667546611,199.72829875661793,9.640775010218924,main,dark,26524,PSO J199.7283+09.6408,22.68600082397461,20.917999267578125,20.118499755859375,19.80389976501465,19.543500900268555,0.0976869985461235,0.020161999389529228,0.011717000044882298,0.017683999612927437,0.028046999126672745,22.72369956970215,20.698299407958984,19.784799575805664,19.42169952392578,19.21780014038086,0.12635700404644012,0.026928000152111053,0.0169879999011755,0.023442000150680542,0.03613600134849548,2.0060300827026367,2.787600040435791,3.0027499198913574,2.595940113067627,2.550990104675293,688.0,784.0,900.0,510.0,780.0,0.005921338732037665,2918,2918,2918
20,39628022759822294,205.3214572444841,9.800120968544562,main,bright,26476,PSO J205.3215+09.8001,20.947399139404297,19.87350082397461,19.39859962463379,19.18199920654297,19.05820083618164,0.020865999162197113,0.012803999707102776,0.009995999746024609,0.010590000078082085,0.02138100005686283,20.892499923706055,19.853700637817383,19.33180046081543,19.228700637817383,18.9325008392334,0.02943499945104122,0.018007000908255577,0.01640399917960167,0.016061000525951385,0.02998100034892559,2.595560073852539,2.821120023727417,2.8137199878692627,2.496490001678467,2.5358400344848633,774.0,832.0,990.0,840.0,800.0,0.0024531124142966355,2919,2919,2919
21,39628022797567405,207.466200104344,9.784665458062506,main,bright,26469,PSO J207.4662+09.7847,20.039899826049805,19.1697998046875,18.674999237060547,18.408000946044922,18.19809913635254,0.011003999970853329,0.00827100034803152,0.00470399996265769,0.006221000105142593,0.010502999648451805,19.815799713134766,18.90290069580078,18.42329978942871,18.162200927734375,17.934099197387695,0.014798999764025211,0.010886999778449535,0.00687299994751811,0.00913199968636036,0.015286999754607677,3.10506010055542,3.41267991065979,3.557950019836426,3.2817599773406982,3.1236000061035156,473.0,592.0,855.0,780.0,830.0,0.01450177852274206,2920,2920,2920
22,39628022860481531,211.22869868018057,9.718547727100384,main,bright,26454,PSO J211.2287+09.7185,22.75659942626953,20.387399673461914,19.749000549316406,19.469900131225586,19.26059913635254,0.1559309959411621,0.017079999670386314,0.008286000229418278,0.01775199919939041,0.028658000752329826,,19.98080062866211,19.330900192260742,18.855100631713867,,,0.0219969991594553,0.01206399966031313,0.025679999962449074,,,3.098180055618286,3.459130048751831,3.8411600589752197,,921.0,920.0,1594.0,840.0,970.0,0.06645202294921032,2921,2921,2921
23,39628022919202498,214.8030535735824,9.841231102674188,main,bright,8362,PSO J214.8031+09.8412,19.224300384521484,18.337799072265625,17.961299896240234,17.731300354003906,17.475200653076172,0.004941000137478113,0.0027630000840872526,0.002216000109910965,0.0030869999900460243,0.00521400012075901,18.328399658203125,17.255699157714844,16.851900100708008,16.585899353027344,16.35379981994629,0.005400000140070915,0.002947000088170171,0.002604000037536025,0.003449999960139394,0.006529000122100115,5.730030059814453,6.709169864654541,6.333670139312744,6.130390167236328,5.958950042724609,1025.0,912.0,1343.0,840.0,1140.0,0.2305564900622689,2922,2922,2922
24,39628022919202498,214.8030535735824,9.841231102674188,main,bright,8362,PSO J214.8031+09.8412,19.220399856567383,18.352500915527344,17.934200286865234,17.674999237060547,17.45359992980957,0.0051310001872479916,0.0027729999274015427,0.002228999976068735,0.002991999965161085,0.005222000181674957,18.32659912109375,17.269899368286133,16.86389923095703,16.601699829101562,16.37529945373535,0.005611000116914511,0.0028959999326616526,0.0025569999124854803,0.003350999904796481,0.00660100020468235,5.741219997406006,6.508240222930908,6.120659828186035,5.9114298820495605,5.958829879760742,1197.0,1072.0,1703.0,900.0,1200.0,0.2305564900622689,2922,2922,2922
25,39628022990504432,219.06403782879568,9.757154930317746,main,dark,8357,PSO J219.0640+09.7572,21.609699249267578,20.14739990234375,19.478599548339844,19.165800094604492,18.911300659179688,0.030592000111937523,0.011269000358879566,0.006655000150203705,0.012001000344753265,0.021731000393629074,21.15239906311035,19.629600524902344,19.003799438476562,18.600500106811523,18.360599517822266,0.037905000150203705,0.014177000150084496,0.009169000200927258,0.015412000007927418,0.026621999219059944,2.927370071411133,3.1456000804901123,3.306649923324585,3.444849967956543,3.2904300689697266,878.0,712.0,1144.0,540.0,860.0,0.00958845319790462,2923,2923,2923
26,39628023049227628,222.73059885390987,9.73921313456454,main,dark,8342,PSO J222.7306+09.7392,22.052400588989258,20.329200744628906,19.505300521850586,19.193899154663086,19.01930046081543,0.06016800180077553,0.015393000096082687,0.008803999982774258,0.01119299978017807,0.02227500081062317,21.622100830078125,19.683900833129883,18.83639907836914,18.45319938659668,18.114999771118164,0.07283700257539749,0.0192709993571043,0.011277000419795513,0.014000000432133675,0.025211000815033913,2.887279987335205,3.564970016479492,3.7655398845672607,3.648390054702759,3.838279962539673,964.0,912.0,1395.0,780.0,920.0,0.020310043139652942,2924,2924,2924
27,39628023263135972,235.63260069275483,9.770744495366587,main,bright,8277,PSO J235.6326+09.7707,21.292800903320312,19.7539005279541,19.210800170898438,18.951099395751953,18.757600784301758,0.03350299969315529,0.007984999567270279,0.005396000109612942,0.008085000328719616,0.016951000317931175,20.996200561523438,19.260799407958984,18.73979949951172,18.44569969177246,18.341899871826172,0.041384998708963394,0.011843999847769737,0.008352000266313553,0.011706000193953514,0.025717999786138535,3.444540023803711,4.173079967498779,4.031280040740967,3.515889883041382,2.99141001701355,989.0,1100.0,1845.0,900.0,900.0,0.009298007027536376,2925,2925,2925
28,39628023430912330,245.88630487813992,9.69607277826731,main,dark,31638,PSO J245.8863+09.6961,22.14189910888672,20.338899612426758,19.687999725341797,19.346900939941406,19.149200439453125,0.048806000500917435,0.013735000044107437,0.008004000410437584,0.012872000224888325,0.022583000361919403,,,18.851299285888672,,,,,0.010067000053822994,,,,,4.5340800285339355,,,989.0,1352.0,1845.0,780.0,760.0,0.01357344346829252,2926,2926,2926
29,39628023598680008,255.86782435428825,9.746839166339166,main,bright,31580,PSO J255.8678+09.7468,22.371000289916992,20.72920036315918,19.979299545288086,19.65060043334961,19.4414005279541,0.07891400158405304,0.01553799957036972,0.008175999857485294,0.017007999122142792,0.029743000864982605,22.3075008392334,20.721599578857422,19.855300903320312,19.625699996948242,19.52869987487793,0.10154999792575836,0.02260800078511238,0.012848000042140484,0.025011999532580376,0.04569900035858154,2.0784900188446045,2.3035099506378174,2.8443100452423096,2.3379499912261963,2.2098300457000732,1118.0,1440.0,2610.0,810.0,950.0,0.009514738820912897,2927,2927,2927
30,39628023682574532,261.12527397957086,9.690066493923371,main,dark,31913,PSO J261.1253+09.6901,22.912799835205078,20.860200881958008,20.127500534057617,19.68160057067871,19.481800079345703,0.16572999954223633,0.024003000929951668,0.010745000094175339,0.01920199953019619,0.0383870005607605,,20.752899169921875,19.98270034790039,19.518600463867188,,,0.02993600070476532,0.014494000002741814,0.025219999253749847,,,2.205810070037842,2.44950008392334,2.327970027923584,,989.0,960.0,2370.0,780.0,900.0,0.031230265700679473,2928,2928,2928
31,39628024617899725,317.58671375985443,9.725042004072565,main,bright,12393,PSO J317.5867+09.7250,21.757600784301758,20.11479949951172,19.47599983215332,19.23189926147461,19.077299118041992,0.04190399870276451,0.013249999843537807,0.008820000104606152,0.011448999866843224,0.022324999794363976,,19.885700225830078,19.183000564575195,18.97319984436035,18.911699295043945,,0.01668900065124035,0.012370999902486801,0.014661000110208988,0.02998100034892559,,2.4372200965881348,2.7720398902893066,2.4626500606536865,2.228450059890747,731.0,800.0,1665.0,630.0,870.0,0.03941309894312712,2929,2929,2929
32,39628024806642577,329.0322144766882,9.765341355268216,main,bright,19372,PSO J329.0322+09.7653,21.675800323486328,20.182600021362305,19.4507999420166,19.320199966430664,19.079999923706055,0.03008599951863289,0.009573999792337418,0.005799000151455402,0.01878499984741211,0.02901799976825714,21.437999725341797,19.78019905090332,19.050600051879883,18.76180076599121,18.779800415039062,0.041131000965833664,0.012849999591708183,0.008279000408947468,0.02363700047135353,0.036906998604536057,2.3905200958251953,2.9044899940490723,3.368959903717041,2.9694199562072754,2.547719955444336,774.0,640.0,1890.0,600.0,640.0,0.022382570970114635,2930,2930,2930
33,39628024911498917,335.336026697312,9.647298936311229,main,bright,19350,PSO J335.3360+09.6473,21.580400466918945,20.025800704956055,19.40719985961914,19.182100296020508,18.896299362182617,0.04427500069141388,0.013784999959170818,0.006167999934405088,0.014405000023543835,0.02619200013577938,21.38920021057129,19.991100311279297,19.236000061035156,19.025100708007812,18.84779930114746,0.05775599926710129,0.019063999876379967,0.00824700016528368,0.019468000158667564,0.037257999181747437,2.723330020904541,2.3825600147247314,2.4415700435638428,2.420959949493408,2.525899887084961,860.0,880.0,2070.0,780.0,760.0,0.014433748599663843,2931,2931,2931
34,39628024911498917,335.336026697312,9.647298936311229,main,bright,19350,PSO J335.3360+09.6473,21.52910041809082,20.0226993560791,19.422800064086914,19.17919921875,18.934999465942383,0.044456999748945236,0.013949999585747719,0.006076000165194273,0.01431300025433302,0.02602599933743477,21.401899337768555,19.988100051879883,19.252500534057617,19.035999298095703,18.863300323486328,0.058288998901844025,0.019039999693632126,0.007778000086545944,0.019310999661684036,0.036795999854803085,2.7235500812530518,2.3863699436187744,2.2705800533294678,2.384089946746826,2.4735100269317627,688.0,760.0,1755.0,540.0,580.0,0.014433748599663843,2931,2931,2931
35,39628024945052448,337.3377819586153,9.854132042098689,main,bright,19392,PSO J337.3378+09.8541,20.14859962463379,18.59939956665039,18.24449920654297,17.950899124145508,17.719600677490234,0.014837999828159809,0.004110000096261501,0.0028069999534636736,0.0050130002200603485,0.00648800004273653,20.28260040283203,16.60689926147461,15.83080005645752,15.626299858093262,15.355299949645996,0.019161000847816467,0.0026910000015050173,0.0020469999872148037,0.003957999870181084,0.004821999929845333,2.0711700916290283,8.663800239562988,13.046799659729004,10.617899894714355,10.064299583435059,731.0,1000.0,1530.0,660.0,700.0,0.19064327579184648,2932,2932,2932
36,39628024949245230,337.50417479212166,9.644674052903891,main,bright,19392,PSO J337.5042+09.6447,21.72209930419922,20.182899475097656,19.54800033569336,19.168800354003906,18.969100952148438,0.04290800169110298,0.01144499983638525,0.0077760000713169575,0.012431999668478966,0.023228999227285385,,,,,18.61590003967285,,,,,0.031644001603126526,,,,,2.6595699787139893,860.0,980.0,1710.0,660.0,760.0,0.01788453588494556,2933,2933,2933
37,39628025125407083,348.18545634281605,9.633767969893684,main,bright,19285,PSO J348.1855+09.6338,21.89889907836914,20.24489974975586,19.635799407958984,19.30340003967285,19.131000518798828,0.05858499929308891,0.010994999669492245,0.00722600007429719,0.013148999772965908,0.022299999371170998,21.820499420166016,19.914199829101562,19.179000854492188,18.859699249267578,18.73069953918457,0.07542199641466141,0.014906000345945358,0.010142999701201916,0.01672299951314926,0.029853999614715576,2.429110050201416,3.183109998703003,3.152060031890869,2.9601900577545166,2.6076200008392334,1075.0,1720.0,1425.0,1080.0,990.0,0.004125516066332861,2934,2934,2934
38,39628025234457341,354.7232509697772,9.766806584600284,main,bright,19610,PSO J354.7233+09.7668,21.242700576782227,19.951499938964844,19.21809959411621,18.921199798583984,18.69580078125,0.02779100090265274,0.01014699973165989,0.006027999799698591,0.01176500041037798,0.016295000910758972,20.89240074157715,19.448699951171875,18.800399780273438,18.566999435424805,18.375200271606445,0.035905998200178146,0.012927000410854816,0.009050000458955765,0.017232999205589294,0.02298099920153618,3.068619966506958,3.699769973754883,3.7463300228118896,3.358299970626831,2.6088600158691406,688.0,1320.0,1125.0,720.0,700.0,0.027277296179541576,2935,2935,2935
39,39628025234457341,354.7232509697772,9.766806584600284,main,bright,19610,PSO J354.7233+09.7668,21.270299911499023,19.903499603271484,19.253599166870117,18.95549964904785,18.742700576782227,0.028596999123692513,0.010129000060260296,0.006163000129163265,0.01169699989259243,0.016466999426484108,20.944599151611328,19.4606990814209,18.797300338745117,18.57710075378418,18.392900466918945,0.037317998707294464,0.013003000058233738,0.00916100014001131,0.016999000683426857,0.023134000599384308,3.0236499309539795,3.6270298957824707,3.7349300384521484,3.3157100677490234,2.5968101024627686,688.0,1640.0,1215.0,720.0,840.0,0.027277296179541576,2935,2935,2935
40,39628025414815659,5.812759389907475,9.890142221208428,main,dark,19568,PSO J005.8128+09.8901,21.481700897216797,19.85420036315918,19.26219940185547,18.70170021057129,18.44099998474121,0.045628998428583145,0.009630000218749046,0.006515000015497208,0.008063999935984612,0.012807000428438187,21.003400802612305,19.42020034790039,18.5403995513916,18.197200775146484,18.01759910583496,0.05270000174641609,0.01261099986732006,0.009336000308394432,0.01135099958628416,0.01897899992763996,3.2198400497436523,3.551179885864258,4.095699787139893,3.647049903869629,3.2991299629211426,774.0,1040.0,990.0,690.0,940.0,0.020128494623296078,2936,2936,2936
41,39628025427398486,6.588443173134224,9.88093853349412,main,dark,19546,PSO J006.5885+09.8810,22.175600051879883,20.981599807739258,20.1072998046875,19.577699661254883,19.3257999420166,0.09400500357151031,0.026662999764084816,0.012311999686062336,0.018239999189972878,0.03141999989748001,21.838899612426758,20.78809928894043,,,,0.11761300265789032,0.032471999526023865,,,,3.021470069885254,2.494800090789795,,,,903.0,1200.0,1350.0,750.0,1120.0,0.046925976790387985,2937,2937,2937
42,39628025737773287,25.109559877257595,10.037553269099204,main,dark,18284,PSO J025.1096+10.0375,21.745500564575195,20.27560043334961,19.624000549316406,19.26930046081543,19.144100189208984,0.05635099858045578,0.019029000774025917,0.009108999744057655,0.011022999882698059,0.024303000420331955,21.468900680541992,19.864900588989258,19.344100952148438,18.882400512695312,18.857999801635742,0.07593200355768204,0.02447899989783764,0.0123070003464818,0.015332999639213085,0.03193200007081032,3.1826400756835938,3.04328989982605,2.690609931945801,3.0470800399780273,2.299949884414673,688.0,560.0,1170.0,570.0,640.0,0.014080743224814883,2938,2938,2938
43,39628027386138653,124.91057926304671,10.075085067626654,main,dark,4267,PSO J124.9106+10.0751,22.55150032043457,20.847200393676758,19.894399642944336,19.721900939941406,19.4325008392334,0.09301300346851349,0.015502999536693096,0.01525100041180849,0.018856000155210495,0.04222000017762184,22.185400009155273,20.236499786376953,19.3346004486084,18.97439956665039,18.361499786376953,0.12071999907493591,0.017916999757289886,0.018015999346971512,0.022617999464273453,0.040105000138282776,2.924570083618164,3.4533801078796387,3.6600399017333984,3.2484099864959717,3.4667301177978516,1014.0,1300.0,1275.0,660.0,730.0,0.01756081530430956,2940,2940,2940
44,39628027549714310,134.719412892854,9.977773350445194,main,dark,4288,PSO J134.7194+09.9778,22.016700744628906,20.59950065612793,19.894500732421875,19.64550018310547,19.31760025024414,0.08696100115776062,0.019468000158667564,0.015832999721169472,0.024399999529123306,0.04728600010275841,21.76799964904785,,19.68079948425293,19.38249969482422,18.98069953918457,0.09281399846076965,,0.021754000335931778,0.03216399997472763,0.06077999994158745,2.2591800689697266,,2.9989800453186035,2.735569953918457,2.774660110473633,817.0,1302.0,1725.0,810.0,710.0,0.041927983450305836,2941,2941,2941
45,39628027549714310,134.719412892854,9.977773350445194,main,dark,4288,PSO J134.7194+09.9778,22.064699172973633,20.63909912109375,19.915300369262695,19.6564998626709,19.388700485229492,0.09406200051307678,0.01979699917137623,0.015641000121831894,0.024111999198794365,0.05027100071310997,21.846799850463867,20.48240089416504,19.71820068359375,19.387399673461914,19.910400390625,0.08754300326108932,0.021528000012040138,0.025496000424027443,0.03006099909543991,0.7112540006637573,2.142970085144043,2.1715800762176514,2.4858999252319336,2.2419800758361816,2.097670078277588,817.0,1222.0,1410.0,750.0,710.0,0.041927983450305836,2941,2941,2941
46,39628027801374043,150.00640047080623,9.940535104307632,main,bright,27558,PSO J150.0064+09.9405,21.82390022277832,20.274999618530273,19.655500411987305,19.41990089416504,19.219900131225586,0.04313899949193001,0.011850000359117985,0.007472999859601259,0.013001999817788601,0.025776999071240425,21.5625,20.02280044555664,19.38719940185547,19.12019920349121,19.020999908447266,0.054297998547554016,0.016485000029206276,0.011001000180840492,0.018281999975442886,0.035891998559236526,2.6877200603485107,3.1291000843048096,3.3279099464416504,3.0468900203704834,2.432990074157715,808.0,952.0,1684.0,676.0,770.0,0.006293351661595322,2942,2942,2942
47,39628027834927498,151.98509270142475,9.89002101085287,main,bright,27568,PSO J151.9851+09.8900,22.316200256347656,20.668100357055664,19.92650032043457,19.524799346923828,19.45870018005371,0.07270000129938126,0.01496800035238266,0.009788000024855137,0.01881200075149536,0.0320190005004406,22.047700881958008,20.3528995513916,19.46179962158203,19.25079917907715,19.111900329589844,0.09244299679994583,0.020130999386310577,0.013295999728143215,0.02441300079226494,0.04170899838209152,2.6564600467681885,2.9534499645233154,3.6308600902557373,2.9114699363708496,2.625610113143921,792.0,1072.0,1774.0,796.0,740.0,0.04710467539304357,2943,2943,2943
48,39628027872677871,154.32344062951506,10.054676980506786,main,bright,27548,PSO J154.3234+10.0547,21.591800689697266,19.85070037841797,19.463300704956055,19.003000259399414,18.668500900268555,0.039615001529455185,0.012064999900758266,0.008179999887943268,0.009349999949336052,0.018118999898433685,21.256399154663086,19.517900466918945,18.77829933166504,18.54759979248047,18.430500030517578,0.0498029999434948,0.015413999557495117,0.010518000461161137,0.012636000290513039,0.027076000347733498,2.7511301040649414,3.308799982070923,4.1319098472595215,3.4704699516296387,2.621220111846924,706.0,912.0,1234.0,616.0,770.0,0.024410946135855562,2944,2944,2944
49,39628027923008561,157.3646519358255,9.920867700122509,sv1,bright,27584,PSO J157.3646+09.9209,22.564599990844727,20.75429916381836,20.14539909362793,19.820600509643555,19.718900680541992,0.11069100350141525,0.016464000567793846,0.014972999691963196,0.018873000517487526,0.03526800125837326,22.534700393676758,20.54129981994629,19.975200653076172,19.69529914855957,19.592199325561523,0.13462699949741364,0.021599000319838524,0.021764000877738,0.02670699916779995,0.04978900030255318,2.3005199432373047,2.720870018005371,2.6246399879455566,2.450160026550293,2.2291600704193115,982.0,864.0,1118.0,916.0,710.0,0.026383380993869793,2945,2945,2945
50,39628028032057548,163.78364671322706,9.906923498840538,main,bright,27482,PSO J163.7836+09.9069,21.71269989013672,19.94409942626953,19.461200714111328,19.21150016784668,19.053300857543945,0.05168699845671654,0.012821000069379807,0.00636899983510375,0.00903099961578846,0.020990999415516853,21.24220085144043,19.56450080871582,19.152099609375,18.893199920654297,18.735200881958008,0.05912899971008301,0.017097000032663345,0.010084999725222588,0.013818000443279743,0.030977999791502953,2.9994499683380127,3.368230104446411,3.339859962463379,3.0953800678253174,2.686429977416992,792.0,952.0,2224.0,930.0,900.0,0.010172411622889918,2946,2946,2946
51,39628028719924860,205.42328273955505,9.942876604385816,main,bright,26476,PSO J205.4233+09.9429,21.380599975585938,19.886899948120117,19.391399383544922,18.905000686645508,18.69219970703125,0.057142000645399094,0.014973999932408333,0.014053000137209892,0.008813000284135342,0.021657999604940414,20.863300323486328,19.40410041809082,18.810699462890625,18.43720054626465,18.426300048828125,0.054214999079704285,0.018252000212669373,0.01656999997794628,0.012651000171899796,0.029635999351739883,3.044689893722534,3.542330026626587,3.530100107192993,3.7176198959350586,2.8255200386047363,774.0,832.0,990.0,840.0,800.0,0.0034933840382091255,2948,2948,2948
52,39628028719924860,205.42328273955505,9.942876604385816,main,dark,26476,PSO J205.4233+09.9429,21.380599975585938,19.886899948120117,19.391399383544922,18.905000686645508,18.69219970703125,0.057142000645399094,0.014973999932408333,0.014053000137209892,0.008813000284135342,0.021657999604940414,20.863300323486328,19.40410041809082,18.810699462890625,18.43720054626465,18.426300048828125,0.054214999079704285,0.018252000212669373,0.01656999997794628,0.012651000171899796,0.029635999351739883,3.044689893722534,3.542330026626587,3.530100107192993,3.7176198959350586,2.8255200386047363,774.0,832.0,990.0,840.0,800.0,0.0034933840382091255,2949,2949,2949
53,39628028745089693,206.90472893354212,9.9493272461343,main,bright,26471,PSO J206.9047+09.9493,21.98740005493164,20.450899124145508,19.786399841308594,19.3981990814209,19.278799057006836,0.06632000207901001,0.01870499923825264,0.012880999594926834,0.01344399992376566,0.030611999332904816,21.384000778198242,20.232999801635742,19.575199127197266,19.22960090637207,19.029399871826172,0.07180900126695633,0.023771999403834343,0.018115000799298286,0.019259000197052956,0.043223001062870026,3.2030301094055176,2.7264599800109863,2.8543999195098877,2.8346199989318848,2.8391499519348145,645.0,744.0,945.0,840.0,870.0,0.014315808824030288,2950,2950,2950
54,39628028870922946,214.68459491172652,10.08354921599044,main,bright,8363,PSO J214.6846+10.0835,22.020099639892578,20.51810073852539,19.919300079345703,19.52120018005371,19.40060043334961,0.05694900080561638,0.02094700001180172,0.011717000044882298,0.014100999571383,0.026362000033259392,22.057300567626953,20.30769920349121,19.50320053100586,19.23390007019043,19.086999893188477,0.07480400055646896,0.03064900077879429,0.01744999922811985,0.020975999534130096,0.03482300043106079,2.251840114593506,2.813849925994873,3.283519983291626,2.9881200790405273,2.5574800968170166,982.0,832.0,1523.0,780.0,1040.0,0.024508066796053912,2951,2951,2951
55,39628029160330664,232.19432628400216,9.99884292234977,main,bright,8283,PSO J232.1943+09.9988,21.75819969177246,20.218700408935547,19.765899658203125,19.197999954223633,19.050600051879883,0.04216599836945534,0.013609999790787697,0.01065799966454506,0.013531000353395939,0.021390000358223915,21.16080093383789,19.912799835205078,19.24810028076172,18.699600219726562,17.615400314331055,0.04566600173711777,0.017988000065088272,0.013470999896526337,0.021422000601887703,0.027705000713467598,3.3186299800872803,3.2857799530029297,3.434109926223755,3.4757399559020996,7.009749889373779,1308.0,1146.0,1935.0,810.0,990.0,0.005522045729700667,2952,2952,2952
56,39628029160330664,232.19432628400216,9.99884292234977,main,bright,8283,PSO J232.1943+09.9988,21.73940086364746,20.164600372314453,19.774700164794922,19.25119972229004,19.05500030517578,0.04191699996590614,0.013740000315010548,0.010809999890625477,0.014173000119626522,0.02144699916243553,21.15250015258789,19.924999237060547,19.252399444580078,18.573299407958984,16.992599487304688,0.04701799899339676,0.018086999654769897,0.013566999696195126,0.023883000016212463,0.020471999421715736,3.4743499755859375,3.2424700260162354,3.412830114364624,4.369500160217285,9.33491039276123,1154.0,1152.0,1530.0,570.0,860.0,0.005522045729700667,2952,2952,2952
57,39628029160330664,232.19432628400216,9.99884292234977,main,bright,8283,PSO J232.1943+09.9988,21.777099609375,20.20039939880371,19.759700775146484,19.180200576782227,19.028400421142578,0.04335400089621544,0.013744000345468521,0.01080899965018034,0.013615000061690807,0.02133299969136715,21.169200897216797,19.944299697875977,19.23710060119629,18.44099998474121,17.85070037841797,0.04665600135922432,0.017709000036120415,0.013458999805152416,0.02369599975645542,0.024981999769806862,3.3621299266815186,3.1415700912475586,3.3677799701690674,4.845049858093262,5.067999839782715,1627.0,1392.0,1980.0,870.0,1060.0,0.005522045729700667,2952,2952,2952
58,39628029160330664,232.19432628400216,9.99884292234977,main,bright,8283,PSO J232.1943+09.9988,21.735700607299805,20.170900344848633,19.7632999420166,19.171199798583984,19.0408992767334,0.04196299985051155,0.014147999696433544,0.010879999957978725,0.013592000119388103,0.021389000117778778,21.149700164794922,19.941200256347656,19.26099967956543,18.80579948425293,17.487699508666992,0.04741299897432327,0.01785999909043312,0.01363999955356121,0.0213019996881485,0.024197999387979507,3.5060598850250244,3.1422901153564453,3.3517000675201416,3.1108100414276123,6.929540157318115,1283.0,1192.0,1665.0,630.0,980.0,0.005522045729700667,2952,2952,2952
59,39628029198078958,234.5053574388052,10.072696704782643,main,dark,8279,PSO J234.5054+10.0727,21.97319984436035,20.270099639892578,19.455900192260742,19.14299964904785,18.883899688720703,0.05322299897670746,0.013735000044107437,0.007327999919652939,0.009593999944627285,0.017575999721884727,21.599700927734375,19.815200805664062,18.913700103759766,18.502899169921875,18.476299285888672,0.06843899935483932,0.01860399916768074,0.01050500012934208,0.013787000440061092,0.023415999487042427,2.891940116882324,3.4404098987579346,4.1140899658203125,3.809309959411621,2.9715700149536133,1240.0,1388.0,1575.0,960.0,1080.0,0.03152314023560022,2953,2953,2953
60,39628029219048553,235.6797736289068,9.962598369966123,main,bright,8277,PSO J235.6798+09.9626,21.844999313354492,20.575899124145508,19.90250015258789,19.60759925842285,19.46820068359375,0.06264600157737732,0.015963999554514885,0.010699000209569931,0.014417000114917755,0.0297240000218153,21.924999237060547,20.237899780273438,19.565900802612305,19.26849937438965,19.202999114990234,0.08476600050926208,0.021152999252080917,0.015571000054478645,0.02107599936425686,0.04111799970269203,2.59552001953125,3.0308001041412354,3.0128700733184814,2.7987399101257324,2.4195399284362793,989.0,1100.0,1845.0,900.0,900.0,0.016022548941810356,2954,2954,2954
61,39628029240017580,236.82805574510337,10.013055008407097,main,bright,31658,PSO J236.8281+10.0131,21.090599060058594,19.984600067138672,19.470600128173828,19.182199478149414,19.09079933166504,0.025381000712513924,0.009871999733150005,0.007158000022172928,0.010122000239789486,0.021841000765562057,20.975299835205078,19.79129981994629,19.27359962463379,19.026100158691406,18.78849983215332,0.034678999334573746,0.014046000316739082,0.010718000121414661,0.015562999993562698,0.03014500066637993,2.7734498977661133,2.8118200302124023,2.746840000152588,2.7448999881744385,2.5998899936676025,946.0,1160.0,1530.0,780.0,860.0,0.0077668074741302695,2955,2955,2955
62,39628029244215035,237.24967018011537,9.90397950490492,main,bright,31658,PSO J237.2497+09.9040,20.718900680541992,19.528900146484375,19.073699951171875,18.750999450683594,18.535200119018555,0.018495000898838043,0.008488000370562077,0.005131999962031841,0.009227000176906586,0.012742999941110611,20.44529914855957,19.422300338745117,18.94420051574707,18.510099411010742,18.296199798583984,0.02523699961602688,0.012040000408887863,0.008049000054597855,0.013127000071108341,0.019247999414801598,3.1152000427246094,3.103019952774048,2.850369930267334,3.0474700927734375,2.802759885787964,946.0,1160.0,1800.0,720.0,720.0,0.007070224687175367,2956,2956,2956
63,39628029248409710,237.53129568299667,10.040834989485496,main,bright,31659,PSO J237.5313+10.0408,21.37529945373535,19.858400344848633,19.219900131225586,18.855100631713867,18.708599090576172,0.04779300093650818,0.014151999726891518,0.005900000222027302,0.008364999666810036,0.015370000153779984,21.05620002746582,19.34160041809082,18.66819953918457,18.341699600219727,18.219999313354492,0.06152300164103508,0.018603000789880753,0.00838799960911274,0.012462999671697617,0.021568000316619873,3.036210060119629,3.518660068511963,3.5571401119232178,3.5586299896240234,3.208169937133789,860.0,1200.0,1530.0,840.0,820.0,0.01362172992364761,2957,2957,2957
64,39628029248409710,237.53129568299667,10.040834989485496,main,dark,31659,PSO J237.5313+10.0408,21.37529945373535,19.858400344848633,19.219900131225586,18.855100631713867,18.708599090576172,0.04779300093650818,0.014151999726891518,0.005900000222027302,0.008364999666810036,0.015370000153779984,21.05620002746582,19.34160041809082,18.66819953918457,18.341699600219727,18.219999313354492,0.06152300164103508,0.018603000789880753,0.00838799960911274,0.012462999671697617,0.021568000316619873,3.036210060119629,3.518660068511963,3.5571401119232178,3.5586299896240234,3.208169937133789,860.0,1200.0,1530.0,840.0,820.0,0.01362172992364761,2958,2958,2958
65,39628029382628979,245.59058435263356,10.082234739211874,main,dark,31639,PSO J245.5906+10.0822,24.02280044555664,20.161100387573242,19.483200073242188,19.186100006103516,19.0044002532959,0.39927899837493896,0.010521000251173973,0.008185000158846378,0.01032899972051382,0.02222600020468235,,19.533000946044922,19.02400016784668,18.757600784301758,18.51129913330078,,0.011037999764084816,0.011250999756157398,0.013248000293970108,0.027017999440431595,,3.1211400032043457,3.449899911880493,3.031359910964966,2.8531200885772705,1075.0,2028.0,2340.0,1080.0,1130.0,0.24060415192166568,2959,2959,2959
66,39628029508452842,253.02737062141696,9.972445191941794,main,bright,31600,PSO J253.0274+09.9724,21.382299423217773,19.950199127197266,19.3341007232666,19.058399200439453,18.800199508666992,0.02633100003004074,0.005963000003248453,0.00635500019416213,0.01029799971729517,0.015522999688982964,,,19.033000946044922,,18.48819923400879,,,0.008328000083565712,,0.021970000118017197,,,3.1729700565338135,,2.942239999771118,731.0,1396.0,1530.0,630.0,780.0,0.011045385917539969,2960,2960,2960
67,39628029537813764,254.82784874714403,10.045000690170056,main,bright,31579,PSO J254.8278+10.0450,19.524599075317383,18.459999084472656,17.92180061340332,17.61400032043457,17.405899047851562,0.006390000227838755,0.0023930000606924295,0.0019389999797567725,0.003089000005275011,0.005266999825835228,18.54509925842285,17.319799423217773,16.727800369262695,16.493600845336914,16.279300689697266,0.006934000179171562,0.0024689999409019947,0.00241800001822412,0.003949000034481287,0.006541000213474035,5.572400093078613,7.0893402099609375,8.398380279541016,7.068510055541992,6.4075398445129395,946.0,1472.0,2475.0,840.0,1060.0,0.4182265297148638,2961,2961,2961
68,39628029537813764,254.82784874714403,10.045000690170056,main,bright,31579,PSO J254.8278+10.0450,19.554800033569336,18.453500747680664,17.92889976501465,17.572200775146484,17.422100067138672,0.006599999964237213,0.002339000115171075,0.0019920000340789557,0.003063000040128827,0.005241999868303537,18.54669952392578,17.27680015563965,16.756999969482422,16.48900032043457,16.268400192260742,0.0071749999187886715,0.0025289999321103096,0.002400999888777733,0.003961999900639057,0.006632999982684851,5.502470016479492,7.63021993637085,7.8401899337768555,7.127089977264404,6.605209827423096,1032.0,1787.0,2565.0,840.0,1220.0,0.4182265297148638,2961,2961,2961
69,39628029542009182,255.12020108817103,9.954916679711012,main,dark,31577,PSO J255.1202+09.9549,22.674800872802734,21.1200008392334,20.26930046081543,19.738300323486328,19.687599182128906,0.1025329977273941,0.01856200024485588,0.009332000277936459,0.016984999179840088,0.03183300048112869,22.702800750732422,20.837299346923828,19.768800735473633,19.489200592041016,19.358400344848633,0.1364459991455078,0.02528800070285797,0.013218999840319157,0.02352599985897541,0.04124600067734718,2.019399881362915,2.656630039215088,3.467400074005127,2.8340001106262207,2.6169800758361816,903.0,1596.0,2205.0,840.0,1140.0,0.021752452329551954,2962,2962,2962
70,39628029625895233,260.18749000638616,9.922154355161933,main,bright,31915,PSO J260.1875+09.9221,19.996999740600586,19.024700164794922,18.13409996032715,17.857500076293945,17.604799270629883,0.01127300038933754,0.00496899988502264,0.0025450000539422035,0.003792000003159046,0.006155000068247318,,,18.10449981689453,17.043899536132812,16.82859992980957,,,0.011129000224173069,0.006463999859988689,0.008049000054597855,,,6.196760177612305,4.897190093994141,4.108540058135986,817.0,720.0,1980.0,780.0,940.0,0.1500251999698005,2963,2963,2963
71,39628030573810866,317.5978896807935,9.926924566165034,main,bright,12396,PSO J317.5979+09.9269,20.488399505615234,19.13610076904297,18.608299255371094,18.247800827026367,18.162399291992188,0.01398599985986948,0.00506300013512373,0.00356599991209805,0.006376999896019697,0.011189999990165234,19.69610023498535,18.39229965209961,17.8356990814209,17.530399322509766,17.324899673461914,0.01568800024688244,0.006149000022560358,0.0042570000514388084,0.007902000099420547,0.013779000379145145,3.8672099113464355,4.403319835662842,4.2375102043151855,4.067580223083496,3.8091800212860107,731.0,800.0,1665.0,630.0,870.0,0.03639709505838729,2964,2964,2964
72,39628030749967132,328.08113211014586,9.97387033807762,main,bright,19371,PSO J328.0811+09.9739,21.856199264526367,20.4325008392334,19.843299865722656,19.55739974975586,19.462900161743164,0.04140299931168556,0.014069999568164349,0.008713999763131142,0.015169999562203884,0.0392180010676384,21.688100814819336,20.292400360107422,19.639999389648438,19.359800338745117,19.381099700927734,0.05669200047850609,0.019499000161886215,0.012462999671697617,0.02254199981689453,0.05463799834251404,2.3224499225616455,2.39205002784729,2.6815500259399414,2.405050039291382,1.980389952659607,1118.0,880.0,1800.0,780.0,890.0,0.017045172996340206,2965,2965,2965
73,39628030766743749,329.07702871447316,10.09722868299033,main,bright,19372,PSO J329.0770+10.0972,21.847200393676758,20.36829948425293,19.67009925842285,19.379899978637695,19.162799835205078,0.038479000329971313,0.01259700022637844,0.008213000372052193,0.01768600009381771,0.03197700157761574,21.510299682617188,19.885099411010742,19.104700088500977,18.850400924682617,18.63960075378418,0.05118300020694733,0.016874000430107117,0.012272000312805176,0.025206999853253365,0.03982599824666977,2.5724101066589355,3.1328399181365967,3.9357399940490723,3.198009967803955,2.9970600605010986,860.0,640.0,1980.0,660.0,720.0,0.02948517317485282,2966,2966,2966
74,39628031127459537,351.12450495745486,9.909613314415948,main,bright,19625,PSO J351.1245+09.9096,21.270599365234375,19.907800674438477,19.463600158691406,19.084299087524414,18.83970069885254,0.03428199887275696,0.009572000242769718,0.01063000038266182,0.011531000025570393,0.03274200111627579,,19.399900436401367,18.75469970703125,18.363800048828125,18.201000213623047,,0.013325000181794167,0.014134000055491924,0.017230000346899033,0.04663600027561188,,3.9871199131011963,4.333370208740234,4.115139961242676,3.4817099571228027,1161.0,1360.0,1380.0,900.0,840.0,0.027818458459027872,2967,2967,2967
75,39628031349753435,4.417586210375259,10.285533113700586,sv1,bright,19559,PSO J004.4176+10.2855,22.94580078125,21.40019989013672,20.48259925842285,20.003599166870117,19.756799697875977,0.16096700727939606,0.03540800139307976,0.015390999615192413,0.025337999686598778,0.03922399878501892,22.487699508666992,21.23270034790039,20.284400939941406,19.887399673461914,19.581499099731445,0.17365999519824982,0.04784199967980385,0.022422000765800476,0.033973999321460724,0.05648199841380119,3.010349988937378,2.6356899738311768,2.419140100479126,2.23934006690979,2.3520801067352295,602.0,680.0,1170.0,510.0,680.0,0.02172605027484753,2968,2968,2968
76,39628031353947429,4.640343414939569,10.336185794360915,sv1,bright,19559,PSO J004.6403+10.3362,22.728200912475586,20.730499267578125,20.18079948425293,19.732099533081055,19.394699096679688,0.11811300367116928,0.01997699961066246,0.011756000109016895,0.019190000370144844,0.030162999406456947,,,19.003000259399414,18.935300827026367,19.13290023803711,,,0.010240999981760979,0.0201019998639822,0.04254800081253052,,,3.6343600749969482,3.169450044631958,2.556730031967163,774.0,840.0,1080.0,540.0,740.0,0.06370912213321242,2969,2969,2969
77,39628031358142456,4.92539289215822,10.320065905946784,sv1,bright,19570,PSO J004.9254+10.3201,22.394399642944336,20.545400619506836,19.881000518798828,19.496400833129883,19.25,0.08268100023269653,0.018157999962568283,0.010142000392079353,0.01892700046300888,0.028974000364542007,22.03660011291504,20.23819923400879,19.544099807739258,19.185199737548828,19.141700744628906,0.09407100081443787,0.023781999945640564,0.015292000025510788,0.02507000043988228,0.0403669998049736,2.784440040588379,2.8312199115753174,3.0099399089813232,2.7378900051116943,2.28521990776062,602.0,680.0,900.0,510.0,760.0,0.020030550279991257,2970,2970,2970
78,39628031681103700,24.476296329449102,10.190036350268045,main,bright,18283,PSO J024.4763+10.1900,21.371599197387695,20.003799438476562,19.378000259399414,18.975400924682617,18.70800018310547,0.03778199851512909,0.015374000184237957,0.006775000132620335,0.009898999705910683,0.02111399918794632,20.935199737548828,19.681900024414062,19.019699096679688,18.736400604248047,18.63520050048828,0.047463998198509216,0.02108599990606308,0.010592999868094921,0.014902000315487385,0.03009900078177452,3.4205400943756104,3.0470499992370605,3.3320999145507812,3.0884599685668945,2.421679973602295,946.0,800.0,1440.0,870.0,980.0,0.02782754841670992,2971,2971,2971
79,39628031907598054,38.27681131536132,10.350429558762512,main,dark,167,PSO J038.2768+10.3504,22.90290069580078,20.865299224853516,20.090900421142578,19.598800659179688,19.375099182128906,0.14737999439239502,0.03373900055885315,0.01281800027936697,0.013418000191450119,0.02715500071644783,23.083499908447266,20.64579963684082,19.67770004272461,19.151100158691406,18.87220001220703,0.22213099896907806,0.04381899908185005,0.017203999683260918,0.018542999401688576,0.032756999135017395,2.0922698974609375,2.915339946746826,2.9658799171447754,2.973330020904541,2.5170199871063232,602.0,480.0,1215.0,690.0,720.0,0.03198424560225453,2972,2972,2972
80,39628033316883172,123.51460174571343,10.227964323712929,main,bright,4608,PSO J123.5146+10.2280,21.1427001953125,19.727399826049805,19.112199783325195,18.852399826049805,18.73859977722168,0.024821000173687935,0.014334999956190586,0.006763999816030264,0.01202400028705597,0.019029000774025917,20.827999114990234,19.419300079345703,18.777000427246094,18.541200637817383,18.331499099731445,0.03172999992966652,0.018748000264167786,0.009991999715566635,0.01742500066757202,0.025095999240875244,3.0882298946380615,3.2548599243164062,3.695050001144409,3.081559896469116,2.72652006149292,782.0,1197.0,1185.0,510.0,530.0,0.020191905051970514,2973,2973,2973
81,39628033476268099,133.27557010211325,10.169589752394582,main,dark,4247,PSO J133.2756+10.1696,23.346900939941406,20.818599700927734,19.88800048828125,19.614099502563477,19.355100631713867,0.23493100702762604,0.02943200059235096,0.014666000381112099,0.017938999459147453,0.04328000172972679,,20.342300415039062,19.454299926757812,19.152999877929688,18.88789939880371,,0.03605499863624573,0.01961199939250946,0.02329700067639351,0.05341000109910965,,3.2577199935913086,3.347100019454956,3.0369598865509033,2.7421200275421143,851.0,1184.0,930.0,750.0,730.0,0.02368215208971174,2974,2974,2974
82,39628033484655219,133.66477708758472,10.248185431310048,sv1,bright,4247,PSO J133.6648+10.2482,22.492399215698242,20.569000244140625,20.084299087524414,19.631500244140625,19.302600860595703,0.09433399885892868,0.012707999907433987,0.012644000351428986,0.016093000769615173,0.028927000239491463,,,19.493200302124023,18.069299697875977,16.92799949645996,,,0.015468999743461609,0.013349000364542007,0.013422000221908092,,,3.584130048751831,5.425000190734863,6.2098798751831055,894.0,1282.0,1020.0,750.0,790.0,0.050881570873492106,2975,2975,2975
83,39628033971195711,163.16095418085067,10.201777917593336,main,bright,27504,PSO J163.1610+10.2018,20.97100067138672,19.739900588989258,19.281600952148438,19.10300064086914,18.82349967956543,0.0309200007468462,0.009100999683141708,0.007493999786674976,0.010067000053822994,0.017091000452637672,20.74720001220703,19.496999740600586,19.027299880981445,18.787900924682617,18.5856990814209,0.04167899861931801,0.013043000362813473,0.011777999810874462,0.015675000846385956,0.024731000885367393,2.904589891433716,3.327549934387207,3.2181499004364014,2.9952099323272705,2.5202999114990234,878.0,1152.0,2044.0,870.0,930.0,0.007852801159174841,2976,2976,2976
84,39628033983774865,163.75954663551175,10.218343004218784,main,bright,27504,PSO J163.7595+10.2183,21.96969985961914,20.602100372314453,20.073299407958984,19.67959976196289,19.475500106811523,0.05152599886059761,0.017917999997735023,0.013899000361561775,0.015048000030219555,0.04053099825978279,21.646400451660156,20.289100646972656,19.6560001373291,19.222900390625,19.101600646972656,0.061569999903440475,0.023953000083565712,0.01836100034415722,0.0202029999345541,0.050067998468875885,2.7151999473571777,2.8452799320220947,2.9967401027679443,2.692850112915039,2.325439929962158,706.0,952.0,1864.0,810.0,820.0,0.0246883743883245,2977,2977,2977
85,39628034734556046,209.2409506429981,10.35080653296259,main,bright,26459,PSO J209.2410+10.3508,20.39080047607422,19.1737003326416,18.81290054321289,18.574199676513672,18.293800354003906,0.03127099946141243,0.007797999773174524,0.0048870001919567585,0.008163000456988811,0.010394000448286533,20.056499481201172,19.003599166870117,18.52079963684082,18.232799530029297,18.05340003967285,0.03674599900841713,0.0102530000731349,0.007373000029474497,0.010607000440359116,0.014991000294685364,2.8690500259399414,3.251800060272217,3.344680070877075,3.0859599113464355,2.8403899669647217,835.0,1032.0,1414.0,780.0,940.0,0.00810711262359423,2978,2978,2978
86,39628034742947379,209.86564764319849,10.3173690288219,main,bright,26459,PSO J209.8656+10.3174,20.797700881958008,19.518199920654297,19.032699584960938,18.821199417114258,18.50749969482422,0.022709999233484268,0.007898000068962574,0.005051999818533659,0.010364999994635582,0.013047999702394009,20.54960060119629,19.277000427246094,18.729799270629883,18.49049949645996,18.30299949645996,0.02957800030708313,0.01070099975913763,0.007236999925225973,0.013883999548852444,0.01837800070643425,2.912990093231201,3.231790065765381,3.1313600540161133,3.0130999088287354,2.6884100437164307,921.0,1072.0,1549.0,840.0,1100.0,0.02196575128968746,2979,2979,2979
87,39628034831025036,215.0697348680664,10.19440458157374,main,bright,8363,PSO J215.0697+10.1944,21.67490005493164,20.15290069580078,19.548099517822266,19.24920082092285,18.956600189208984,0.06084499880671501,0.013159999623894691,0.009747999720275402,0.010173999704420567,0.020966999232769012,20.970500946044922,19.71929931640625,18.995100021362305,18.82229995727539,18.497800827026367,0.06504900008440018,0.017002999782562256,0.013264999724924564,0.014751000329852104,0.027621999382972717,3.1921401023864746,3.336359977722168,3.997119903564453,3.190000057220459,2.9834001064300537,853.0,832.0,1343.0,660.0,860.0,0.012678330126252253,2980,2980,2980
88,39628035011384679,226.18109835466643,10.151264045390002,main,bright,8299,PSO J226.1811+10.1513,20.529499053955078,19.441299438476562,19.002199172973633,18.78969955444336,18.52750015258789,0.014062000438570976,0.008194000460207462,0.006138000171631575,0.006089999806135893,0.01082600001245737,20.338199615478516,19.213600158691406,18.697799682617188,18.45599937438965,18.30459976196289,0.018730999901890755,0.0117790000513196,0.00897200033068657,0.008599000051617622,0.01650499925017357,2.7758500576019287,3.1769399642944336,3.1422300338745117,2.9826600551605225,2.8530499935150146,878.0,932.0,1485.0,960.0,1070.0,0.006276036767141959,2981,2981,2981
89,39628035074296360,229.87240358779255,10.177793276262278,main,bright,8295,PSO J229.8724+10.1778,20.499900817871094,19.357799530029297,19.104799270629883,18.908899307250977,18.785400390625,0.01624700054526329,0.00834800023585558,0.009409000165760517,0.011739999987185001,0.01717500016093254,20.312400817871094,19.11090087890625,18.45639991760254,19.096599578857422,18.907100677490234,0.020959999412298203,0.01104199979454279,0.012054000049829483,0.018651999533176422,0.027401000261306763,2.838599920272827,3.202899932861328,3.8191699981689453,2.070729970932007,2.067470073699951,810.0,688.0,1305.0,510.0,650.0,0.14468723992112742,2982,2982,2982
90,39628035103655146,231.5963330168437,10.139801949981472,main,bright,8283,PSO J231.5963+10.1398,21.520599365234375,20.035600662231445,19.351299285888672,18.97960090637207,18.80430030822754,0.03166300058364868,0.011694000102579594,0.009457999840378761,0.007757999934256077,0.01448999997228384,21.196199417114258,19.579999923706055,18.923500061035156,18.54210090637207,18.462900161743164,0.04168799892067909,0.016036000102758408,0.014108999632298946,0.01170899998396635,0.02143000066280365,2.961050033569336,3.5285000801086426,3.7276101112365723,3.4247798919677734,2.9619901180267334,1136.0,896.0,1575.0,690.0,950.0,0.01521527586793727,2983,2983,2983
91,39628035145600333,234.216028595918,10.240715867422246,main,bright,8279,PSO J234.2160+10.2407,21.21430015563965,19.854400634765625,19.203699111938477,18.98579978942871,18.685699462890625,0.02995399944484234,0.010153000243008137,0.008325000293552876,0.01004400011152029,0.018823999911546707,21.291400909423828,19.737499237060547,19.016700744628906,18.565500259399414,18.618099212646484,0.03597699850797653,0.01355700008571148,0.01841600053012371,0.018115000799298286,0.02132599987089634,2.149899959564209,2.137510061264038,2.4250900745391846,2.4035799503326416,1.9902700185775757,1240.0,1218.0,1890.0,840.0,960.0,0.027524115551388822,2984,2984,2984
92,39628035145600333,234.216028595918,10.240715867422246,main,bright,8279,PSO J234.2160+10.2407,21.191999435424805,19.82509994506836,19.203899383544922,19.01259994506836,18.658199310302734,0.02883400022983551,0.010703999549150467,0.008135000243782997,0.01014500018209219,0.01885399967432022,21.158599853515625,19.604999542236328,18.99340057373047,18.594900131225586,18.29640007019043,0.0361890010535717,0.013628999702632427,0.011904999613761902,0.013338999822735786,0.02494099922478199,2.234189987182617,2.69704008102417,2.9596400260925293,2.9397599697113037,3.033940076828003,1240.0,1388.0,1575.0,960.0,1080.0,0.027524115551388822,2984,2984,2984
93,39628035191734595,236.8846159929292,10.151210191513982,main,bright,8448,PSO J236.8846+10.1512,21.00469970703125,19.63159942626953,19.002399444580078,18.6875,18.493000030517578,0.02504800073802471,0.008151000365614891,0.004827000200748444,0.007505000103265047,0.01170399971306324,20.705900192260742,19.256999969482422,18.617700576782227,18.2898006439209,18.155500411987305,0.03235200047492981,0.011346999555826187,0.007331000175327063,0.01054100040346384,0.017261000350117683,3.0757598876953125,3.3438398838043213,3.5732600688934326,3.372080087661743,3.010550022125244,946.0,1160.0,1530.0,780.0,860.0,0.012945776219125904,2985,2985,2985
94,39628035191734595,236.8846159929292,10.151210191513982,main,dark,8448,PSO J236.8846+10.1512,21.00469970703125,19.63159942626953,19.002399444580078,18.6875,18.493000030517578,0.02504800073802471,0.008151000365614891,0.004827000200748444,0.007505000103265047,0.01170399971306324,20.705900192260742,19.256999969482422,18.617700576782227,18.2898006439209,18.155500411987305,0.03235200047492981,0.011346999555826187,0.007331000175327063,0.01054100040346384,0.017261000350117683,3.0757598876953125,3.3438398838043213,3.5732600688934326,3.372080087661743,3.010550022125244,946.0,1160.0,1530.0,780.0,860.0,0.012945776219125904,2986,2986,2986
95,39628035493727057,255.24365664577292,10.201200112356686,main,bright,31580,PSO J255.2437+10.2012,22.312700271606445,20.835800170898438,20.028799057006836,19.667200088500977,19.509899139404297,0.07455399632453918,0.015514000318944454,0.006926000118255615,0.017247000709176064,0.03066200017929077,21.898300170898438,20.521900177001953,19.662099838256836,19.412399291992188,19.394399642944336,0.08453600108623505,0.021004000678658485,0.010627999901771545,0.023552000522613525,0.04374700039625168,2.6319100856781006,2.732569932937622,3.273780107498169,2.7066900730133057,2.4604499340057373,1118.0,1987.0,2610.0,870.0,1230.0,0.012627953283376328,2988,2988,2988
96,39628035493727057,255.24365664577292,10.201200112356686,main,bright,31580,PSO J255.2437+10.2012,22.278099060058594,20.84869956970215,20.01889991760254,19.63279914855957,19.53019905090332,0.07154499739408493,0.015368999913334846,0.007261999882757664,0.017243999987840652,0.030213000252842903,21.61079978942871,20.532499313354492,19.651899337768555,19.4060001373291,19.450700759887695,0.07271400094032288,0.021493999287486076,0.011114999651908875,0.024197999387979507,0.04372800141572952,3.001929998397827,2.7930400371551514,3.3606200218200684,2.7870700359344482,2.357789993286133,1032.0,1787.0,2565.0,840.0,1220.0,0.012627953283376328,2988,2988,2988
97,39628037016260698,347.5506600097078,10.372394276039318,main,bright,19287,PSO J347.5507+10.3724,22.047399520874023,20.50629997253418,20.01409912109375,19.688499450683594,19.376100540161133,0.06434699892997742,0.019138000905513763,0.01430600043386221,0.018709000200033188,0.031491998583078384,21.981599807739258,19.97800064086914,19.556699752807617,19.247400283813477,18.944700241088867,0.09285999834537506,0.025081999599933624,0.01942400075495243,0.024188000708818436,0.04141400009393692,2.6157898902893066,3.5429298877716064,2.8122100830078125,2.6582698822021484,2.526240110397339,903.0,1280.0,1200.0,780.0,780.0,0.015861853576515948,2989,2989,2989
98,39628037280500981,3.4544559098550796,10.404452530257045,sv1,bright,19565,PSO J003.4545+10.4045,21.649999618530273,20.121000289916992,19.581499099731445,19.25429916381836,18.97089958190918,0.03719199821352959,0.01169199962168932,0.008093000389635563,0.02186099998652935,0.023236000910401344,21.42300033569336,19.881500244140625,19.18899917602539,18.800899505615234,18.70560073852539,0.0490569993853569,0.015658000484108925,0.011613000184297562,0.028759999200701714,0.03127099946141243,2.7829599380493164,2.962019920349121,3.2457799911499023,3.4089200496673584,2.6083600521087646,731.0,920.0,900.0,690.0,780.0,0.012132683343562723,2990,2990,2990
99,39628037280500981,3.4544559098550796,10.404452530257045,sv1,bright,19565,PSO J003.4545+10.4045,21.679399490356445,20.12700080871582,19.57550048828125,19.26609992980957,18.97640037536621,0.04210900142788887,0.01208299957215786,0.008030000142753124,0.022173000499606133,0.023357000201940536,21.441600799560547,19.88479995727539,19.188800811767578,18.78030014038086,18.659700393676758,0.05530399829149246,0.016047999262809753,0.011525999754667282,0.027821000665426254,0.030863000079989433,2.9305500984191895,3.0156900882720947,3.2442500591278076,3.371999979019165,2.6734399795532227,860.0,920.0,900.0,810.0,960.0,0.012132683343562723,2990,2990,2990
100,39628037297278983,4.5212647789293525,10.387059372586805,main,dark,19559,PSO J004.5213+10.3871,23.000499725341797,21.458900451660156,20.465200424194336,20.006500244140625,19.905099868774414,0.1488730013370514,0.038082998245954514,0.015079000033438206,0.022975999861955643,0.05083300173282623,22.299699783325195,21.092500686645508,19.95359992980957,19.561399459838867,19.790000915527344,0.16030800342559814,0.04873400181531906,0.02112100087106228,0.027793999761343002,0.0714770033955574,3.4344799518585205,2.9739298820495605,3.0387299060821533,2.6742799282073975,2.1767001152038574,774.0,840.0,1080.0,540.0,740.0,0.02005687217591623,2991,2991,2991
101,39628037297278983,4.5212647789293525,10.387059372586805,main,dark,19559,PSO J004.5213+10.3871,22.981300354003906,21.462900161743164,20.46470069885254,19.9507999420166,19.883499145507812,0.15128299593925476,0.03656499832868576,0.015170999802649021,0.023624999448657036,0.05037999898195267,22.369800567626953,21.10300064086914,19.970600128173828,19.546100616455078,19.812299728393555,0.17279300093650818,0.04831099882721901,0.021304000169038773,0.029172999784350395,0.07196199893951416,3.4534800052642822,2.9115800857543945,3.014130115509033,2.7416200637817383,2.12568998336792,817.0,840.0,1440.0,720.0,1020.0,0.02005687217591623,2991,2991,2991
102,39628037368581741,8.805239025817857,10.59707242247466,main,dark,19549,PSO J008.8052+10.5971,21.654199600219727,20.129600524902344,19.39459991455078,19.13010025024414,18.860000610351562,0.04511699825525284,0.01235399954020977,0.007046000100672245,0.012969999574124813,0.018735000863671303,21.438499450683594,19.755300521850586,18.979400634765625,18.670000076293945,18.46809959411621,0.05826200172305107,0.015653999522328377,0.010075000114738941,0.017004000023007393,0.02421100065112114,2.718669891357422,3.1132800579071045,3.454770088195801,3.0578200817108154,2.7394299507141113,860.0,760.0,1305.0,600.0,720.0,0.022538121548773864,2992,2992,2992
103,39628037599266094,22.670929181428523,10.4576766215536,main,bright,18368,PSO J022.6709+10.4577,22.25909996032715,20.39069938659668,19.746400833129883,19.374799728393555,19.209699630737305,0.07619799673557281,0.05103600025177002,0.01129200030118227,0.012713000178337097,0.028711000457406044,22.17770004272461,20.3218994140625,19.331899642944336,18.991500854492188,18.818500518798828,0.09985999763011932,0.07502800226211548,0.016207000240683556,0.017810000106692314,0.035989999771118164,2.288259983062744,2.250070095062256,3.2400200366973877,2.975290060043335,2.67822003364563,774.0,720.0,1170.0,600.0,630.0,0.005807135335798973,2993,2993,2993
104,39628037599266094,22.670929181428523,10.4576766215536,main,dark,18368,PSO J022.6709+10.4577,22.25909996032715,20.39069938659668,19.746400833129883,19.374799728393555,19.209699630737305,0.07619799673557281,0.05103600025177002,0.01129200030118227,0.012713000178337097,0.028711000457406044,22.17770004272461,20.3218994140625,19.331899642944336,18.991500854492188,18.818500518798828,0.09985999763011932,0.07502800226211548,0.016207000240683556,0.017810000106692314,0.035989999771118164,2.288259983062744,2.250070095062256,3.2400200366973877,2.975290060043335,2.67822003364563,774.0,720.0,1170.0,600.0,630.0,0.005807135335798973,2994,2994,2994
105,39628037662182183,26.56628703391288,10.570425068982138,main,dark,18279,PSO J026.5663+10.5704,22.77720069885254,21.03689956665039,20.224899291992188,19.765899658203125,19.582500457763672,0.15233400464057922,0.03483999893069267,0.012481000274419785,0.0154600003734231,0.038026001304388046,,20.508499145507812,19.70330047607422,19.309200286865234,18.739599227905273,,0.0398080013692379,0.018681999295949936,0.02215000055730343,0.04321499913930893,,2.861419916152954,3.42822003364563,3.214440107345581,3.55784010887146,860.0,560.0,1260.0,720.0,780.0,0.020721263571259436,2995,2995,2995
106,39628037800593753,34.890179647676206,10.457889379273064,main,dark,171,PSO J034.8902+10.4579,21.983600616455078,20.266199111938477,19.419099807739258,19.135299682617188,18.820100784301758,0.0696600005030632,0.023267000913619995,0.007927999831736088,0.009580000303685665,0.019638000056147575,21.244300842285156,19.490100860595703,19.028400421142578,18.697900772094727,18.478200912475586,0.07179799675941467,0.02712099999189377,0.01147099956870079,0.01371499989181757,0.027652999386191368,3.284019947052002,3.964099884033203,3.548259973526001,3.030440092086792,2.7626399993896484,602.0,320.0,1260.0,600.0,690.0,0.007660508961002872,2996,2996,2996
107,39628037892868261,40.46824772535487,10.555477601064451,main,dark,177,PSO J040.4683+10.5555,25.188899993896484,22.06220054626465,21.295900344848633,20.783199310302734,20.45359992980957,1.4269299507141113,0.07846199721097946,0.034060999751091,0.04595400020480156,0.07307499647140503,,22.102100372314453,21.355600357055664,20.712099075317383,20.416500091552734,,0.12199600040912628,0.048879001289606094,0.0649769976735115,0.08722399920225143,,1.9163800477981567,1.9484599828720093,2.012310028076172,1.5793800354003906,516.0,320.0,1080.0,510.0,520.0,0.05450418706535604,2997,2997,2997
108,39628039235043398,121.60879671172032,10.45708861787858,main,bright,22365,PSO J121.6088+10.4571,21.54949951171875,19.714399337768555,19.118600845336914,18.834199905395508,18.645700454711914,0.039659999310970306,0.011535000056028366,0.006804999895393848,0.010726000182330608,0.013534000143408775,21.394399642944336,19.391799926757812,18.667999267578125,18.430400848388672,18.281299591064453,0.04843800142407417,0.0158929992467165,0.009819000028073788,0.015104000456631184,0.018476000055670738,2.401669979095459,3.651060104370117,4.112289905548096,3.407860040664673,2.8518800735473633,1229.0,1722.0,1635.0,810.0,940.0,0.010032480658730988,2998,2998,2998
109,39628039235043398,121.60879671172032,10.45708861787858,main,dark,22365,PSO J121.6088+10.4571,21.54949951171875,19.714399337768555,19.118600845336914,18.834199905395508,18.645700454711914,0.039659999310970306,0.011535000056028366,0.006804999895393848,0.010726000182330608,0.013534000143408775,21.394399642944336,19.391799926757812,18.667999267578125,18.430400848388672,18.281299591064453,0.04843800142407417,0.0158929992467165,0.009819000028073788,0.015104000456631184,0.018476000055670738,2.401669979095459,3.651060104370117,4.112289905548096,3.407860040664673,2.8518800735473633,1229.0,1722.0,1635.0,810.0,940.0,0.010032480658730988,2999,2999,2999
