Index,TARGETID ID,TARGET_RA,TARGET_DEC,SURVEY,PROGRAM,HEALPIX,Sky Cell ID,FWHM (arcsec),Sigma PSF,minlevel,Reff (arcsec),Reff_maj (arcsec),Eccentricity,Luminosity,processing_index,original_index
0,39633455750843906,188.54204687069057,66.12789111846143,main,bright,11940,3888666,1.2255600094795227,0.520447416806075,189.62059,0.8853069739203592,0.9223070278939983,0.05838783698813044,3.915372049289435e-05,7000,7000
1,39633455763426899,190.46631432814507,66.30934797008409,main,bright,11941,3888747,1.3019700050354004,0.5528957542988338,117.66583,1.0505965309592769,1.1117408962335806,0.10133009931957915,5.5218892851284164e-05,7001,7001
2,39633456287712561,267.08326922794305,66.18057235612746,sv3,bright,11604,3680991,1.128790020942688,0.4793529863670973,314.54233,0.8371933392776952,0.9380098905850671,0.20500814706483816,4.190292497897352e-05,7002,7002
3,39633456312878232,270.80715407987975,66.14499672208422,sv3,dark,15359,3680987,1.0765899419784546,0.4571856538465575,390.702,1.243365705936924,1.2544015768606611,0.023737911132105216,0.00030661022044936375,7003,7003
4,39633456459680496,292.5288952460362,66.35228309272541,main,bright,15935,3889402,1.0528299808502197,0.44709572736645464,391.84613,1.0105650973572742,1.0444819225756499,0.06466639292412846,9.554196957979064e-05,7004,7004
5,39633456459680496,292.5288952460362,66.35228309272541,main,dark,15935,3889402,1.0528299808502197,0.44709572736645464,391.84613,1.0105650973572742,1.0444819225756499,0.06466639292412846,9.554196957979064e-05,7005,7005
6,39633457604723796,101.68912901154272,66.49530074314262,main,bright,7834,4382595,1.1255900263786316,0.47799407379506914,231.60518,1.0303411983833046,1.0732857949971377,0.07399715003251328,0.00015488816715148376,7006,7006
7,39633457646665882,107.76961233501709,66.57664246553173,main,bright,7830,4423678,1.324590027332306,0.5625015933287152,247.48466,0.9942739689725228,1.0978855178182745,0.17949378908104807,6.724788270789705e-05,7007,7007
8,39633457667637906,110.96649159406977,66.56517631590546,main,bright,7829,4423675,1.2636849880218506,0.536637604511831,348.4712,0.9012410594258161,0.9016840395053165,0.0,0.00014443602193168836,7008,7008
9,39633457676029310,112.61855073129588,66.5482227198018,main,bright,7786,4423674,1.155019998550415,0.4904918322687518,352.38095,1.065713519972461,1.0659978431434955,0.0008442536570733017,8.295737750402642e-05,7009,7009
10,39633457684417828,113.91361659235564,66.47963608959783,main,bright,7786,4423672,1.2070000171661377,0.512565713763607,349.2316,2.2662660978722733,2.26738001819992,0.0,8.556203517877243e-05,7010,7010
11,39633457726357965,119.64503856979226,66.4981520125501,main,bright,7782,4442996,1.1989699602127075,0.5091556625495557,231.87387,1.1565588509153721,1.242858510957158,0.11885149825972219,0.00019502393668324942,7011,7011
12,39633457847993090,137.7757528423138,66.40185830822506,main,bright,7592,4576296,1.066575050354004,0.45293272095447357,178.19472,0.9235020542590755,0.9821036400889577,0.11587400682714499,3.9488656536797704e-05,7012,7012
13,39633457906712975,146.4336255846571,66.43526992504763,main,bright,7578,4592131,1.0266050100326538,0.4359590076528167,193.34543,0.9151454822819761,0.9693685724584965,0.11077688181058132,3.8374943604214305e-05,7013,7013
14,39633457952852669,153.6716164311176,66.39944303157687,main,bright,7574,4589033,1.141450047492981,0.48472920463779173,271.2494,1.6533964859233141,1.8621679288746822,0.15609601628762404,6.338939679922735e-05,7014,7014
15,39633458045126782,167.3093196445675,66.42732096528256,main,bright,7525,4470763,1.1920000314712524,0.5061958063362697,141.12254,1.016292150560023,1.051091995591484,0.0642120549031886,4.2615034157785064e-05,7015,7015
16,39633458078680975,172.25134656417387,66.50228141997975,main,bright,7513,4470869,1.2575500011444092,0.5340323154620851,200.70146,0.8191115120459244,0.8203057648137267,0.00265126985668962,3.579522316359862e-05,7016,7016
17,39633458087070390,173.57272735392473,66.4989967084694,main,bright,7513,4470867,1.2565550208091736,0.5336097862172983,211.79787,0.8564476876608481,0.8889426453676799,0.07062741468651323,4.344432276473494e-05,7017,7017
18,39633458116430078,177.93914265426326,66.58788287551398,main,bright,7509,4470863,1.3909399509429932,0.5906778116137159,171.92279,0.8149041107296432,0.8153046542734385,0.0,3.581270047553545e-05,7018,7018
19,39633458716214688,266.7798104303259,66.41516104105418,sv3,bright,11606,3681001,1.1370599865913391,0.4828649174236135,252.38814,0.82774262428049,0.8281494782400101,0.0,3.885387460386453e-05,7019,7019
20,39633458720410103,267.5518235663844,66.43465470787956,sv3,bright,11605,3681001,1.1359299421310425,0.48238503172590114,300.7297,0.8479846167018213,0.8506233193908138,0.005008549124558281,3.203646572978771e-05,7020,7020
21,39633458728799650,268.94925001082504,66.44632573113995,sv3,bright,11605,3680999,1.1003699898719788,0.46728411039048917,293.91177,0.8449838845053946,0.8529982146533924,0.01649268607101617,4.9458567078634545e-05,7021,7021
22,39633458904961447,295.174853056699,66.38933075872112,main,bright,15978,3889400,1.1491000056266785,0.4879778427449117,302.47125,0.7835869717840642,0.9081614999835865,0.2406218656771455,0.00010051990618414891,7022,7022
23,39633458913350437,296.4500691349423,66.57519438450348,main,dark,15977,3889406,0.9774059951305389,0.41506610969828606,279.04944,1.2050285373758214,1.2056208357755713,0.0,7.508165414541704e-05,7023,7023
24,39633458917544790,297.0362607083711,66.57460833375873,main,bright,15977,3889406,0.9818990230560303,0.4169741229814974,310.43137,1.2437226273838364,1.3501493026477729,0.14056250174387863,0.00015638505572222283,7024,7024
25,39633459978699444,95.13515311556353,66.72646972346226,main,bright,7852,4371441,1.17399001121521,0.4985476549227269,213.78624,1.015654857041525,1.1188732678717808,0.1303070958070628,0.00016612017809645654,7025,7025
26,39633459978700980,95.35053489154578,66.84984743797084,main,bright,7852,4371450,1.1851999759674072,0.5033080886449777,184.59732,0.8011728306565996,0.8029174801474335,0.003098830730685176,2.1731983729392005e-05,7026,7026
27,39633460029032981,102.95285867256425,66.78556051775315,main,bright,7834,4382594,1.1006799936294556,0.46741575686518727,282.1783,1.0164850035139323,1.0169846285620348,0.0,6.742042179980534e-05,7027,7027
28,39633460054196616,106.40722718142293,66.65447642192305,main,bright,7836,4423680,1.2916799783706665,0.548525982312882,308.2027,1.0023134688888071,1.0028061283115985,0.0,8.328968920229382e-05,7028,7028
29,39633460054199297,106.79721553344592,66.66458299832053,main,bright,7836,4423679,1.2682900428771973,0.5385931912519151,355.60193,0.9321513794380972,0.9909324770704299,0.11673537575051729,7.133031568374006e-05,7029,7029
30,39633460318438875,146.32409840320952,66.87150872643318,main,bright,7600,4592140,1.045140027999878,0.44383010506696347,190.58112,0.9137549195787315,0.9388508065079583,0.05443315566234841,3.1481111916185716e-05,7030,7030
31,39633460461045019,167.6531314725283,66.87003925960724,main,bright,7525,4470773,1.2556300163269043,0.5332169729812206,148.37689,0.840953049830522,0.8426389104998879,0.003953377470880315,2.9450677261885887e-05,7031,7031
32,39633460502987240,173.7648632833039,66.70571427547975,main,bright,7513,4470867,1.3041850328445435,0.5538363900021085,189.53409,1.0778502969902481,1.2319731417159732,0.23346327360800323,6.055810301409816e-05,7032,7032
33,39633460511375548,175.00775726278044,66.80707591601484,main,bright,7516,4470866,1.2887850403785706,0.5472966153392974,221.83546,0.790521849499225,0.7909104086178708,0.0,3.373498387235975e-05,7033,7033
34,39633461119553126,266.7182528797547,66.69262667721244,sv3,bright,11606,3681001,1.1651500463485718,0.4947936674852189,278.73187,0.8678643238967868,0.9609383121311017,0.10111018099948055,4.593365882535907e-05,7034,7034
35,39633461257966178,287.5392898300204,66.7356943330707,main,bright,16022,3711799,1.06768000125885,0.45340195040034054,311.5007,0.7883383662726555,0.8322517896696093,0.10349359856567009,6.932743813521148e-05,7035,7035
36,39633462403006634,99.88123707261556,66.9451956058833,main,bright,7856,4382607,1.1752699613571167,0.49909119970212845,248.02423,1.3384576674560267,1.339115549248846,0.0,8.549865239953344e-05,7037,7037
37,39633462491090584,113.75945358718052,67.03000324827846,main,bright,7787,4423683,1.194390058517456,0.5072107573730791,305.4836,1.244872702654274,1.3268926236165355,0.09842283025832932,0.00014207215166366348,7038,7038
38,39633462495283796,114.2021673978056,66.90590553785584,main,bright,7787,4423682,1.2977099418640137,0.5510866720378024,316.5756,0.9459549299245379,0.9674628785082087,0.04283952495820953,9.409799411230933e-05,7039,7039
39,39633462696609545,144.7215858163007,67.07505695923611,main,bright,7591,4592141,1.1348950266838074,0.48194554360050534,179.7045,1.5465251388034025,1.5620642713099082,0.012701556669260872,6.121262788544743e-05,7040,7040
40,39633462960849841,184.6353355710847,66.95652247316696,main,bright,11948,3888686,1.2047899961471558,0.511627204248349,122.671364,0.967865823734702,1.0589663653603427,0.16109357217947784,4.748903983444945e-05,7041,7041
41,39633463652912020,289.78708061550344,67.03038808486316,main,bright,16023,3711807,1.0506399869918823,0.4461657226032632,300.4769,0.8987083283592796,0.9481630437704428,0.1011150912865284,6.508301471446843e-05,7042,7042
42,39633464839899666,110.94481864630224,67.26642771610443,main,bright,7872,4423695,1.1857550144195557,0.5035437917736815,243.09918,1.032371293001564,1.1020786669616338,0.12512413890513763,4.7827970407643505e-05,7043,7043
43,39633464873452984,115.9520960912326,67.19738483973386,main,bright,7787,4443019,1.1236900091171265,0.4771872107545092,334.53625,0.8952890517082103,0.9989297135540459,0.19827998050571627,5.4481698635610324e-05,7044,7044
44,39633465062196610,144.9121744851638,67.22433510119855,main,bright,7591,4592150,1.1893250346183777,0.5050598397648456,237.1909,1.1676970844060195,1.194797032394503,0.043637259671037376,8.028617576636037e-05,7045,7045
45,39633465104140247,151.4257214398963,67.17168075447498,main,bright,7580,4592136,1.2447999715805054,0.5286178764306149,211.78249,0.9802798570347653,0.9807616864459536,0.0,2.7082869140395863e-05,7046,7046
46,39633465225774859,170.018323447294,67.18787353742465,main,bright,7536,4470781,1.4259999990463257,0.6055664432003695,169.96138,0.9537236192482621,1.0038020989083762,0.0901200619468695,5.428143919186784e-05,7047,7047
47,39633465250938906,173.57418662591556,67.25857221860946,main,bright,7515,4470886,1.2630900144577026,0.536384942502518,163.56848,0.9650722018217001,1.0143643600275305,0.09424238210442237,8.640815251023909e-05,7048,7048
48,39633465863308798,267.6403272621857,67.32237553577366,sv3,dark,11607,3681021,0.9982079863548279,0.4238999020163804,332.42505,0.8324333791562096,0.8328156676253435,0.0006813461121576436,0.005212800608110287,7049,7049
49,39633465863311809,268.03309040234996,67.20312448695918,main,bright,11607,3681010,1.0210000276565552,0.43357879079169137,291.91568,0.9696837527450173,0.9701603739346408,0.0,4.846377722706725e-05,7050,7050
50,39633467092241726,97.26675516605133,67.52621564266528,main,bright,7847,4382620,1.3170700073242188,0.5593081348629799,270.13095,0.8970844165269624,0.8975253535237796,0.0,5.179734351967693e-05,7052,7052
51,39633467092242041,97.309498152885,67.50514750111314,main,bright,7847,4382619,1.3197749853134155,0.560456833250742,286.13098,0.868221109109843,0.8687513117148876,0.0,6.11026285356953e-05,7053,7053
52,39633467104823206,99.0184215151726,67.4814591487868,main,bright,7856,4382618,1.2199900150299072,0.5180820579493041,212.9732,0.9498028368568843,1.0656953192078145,0.19794297837370411,5.883076989348259e-05,7054,7054
53,39633467188709508,112.09508716154494,67.43812698565058,main,bright,7872,4423694,1.147760033607483,0.4874088090210723,240.4354,1.1906598226353347,1.1985797739698918,0.011189490104476674,7.533664197656717e-05,7055,7055
54,39633467205484577,114.36940792549292,67.53093968076954,main,bright,7787,4423692,1.2483800053596497,0.5301381767978123,344.24628,1.220354815089556,1.242304444529502,0.03835664004150596,7.150852616946423e-05,7056,7056
55,39633467327123016,133.72771302493138,67.49268352153896,main,bright,7938,4514664,1.0656799674034119,0.4525526142229716,280.8306,1.1810280937231277,1.249001869624576,0.10666823937908165,8.1742332336294e-05,7057,7057
56,39633467352285890,137.25245951616222,67.42390611502907,main,bright,7595,4576327,1.1478300094604492,0.48743852502978136,249.90144,0.8874592793884484,0.9393518563802125,0.1068364758272684,0.00012529922810103854,7058,7058
57,39633467507477806,161.72506462149698,67.58299369344299,main,bright,7531,4470798,1.294160008430481,0.549579154110467,153.76878,1.1026806231880992,1.1032226153055407,0.0,5.0353374617311365e-05,7059,7059
58,39633467582972097,172.8837444717627,67.39268319951658,main,bright,7515,4470887,1.3132100105285645,0.5576689451491844,171.22383,1.1840701385324248,1.2435173821868242,0.08868334872681016,0.00020291065798691972,7060,7060
59,39633467650084530,183.87143695574932,67.46671079355865,main,bright,11948,3888694,1.2679500579833984,0.5384488129608791,142.42706,1.1889901463132737,1.1895745614861404,0.0,4.388140061145069e-05,7061,7061
60,39633468195340518,267.7492584636399,67.49125416090949,sv3,dark,11613,3681020,1.0295100212097168,0.4371926523141967,355.87335,2.345643172086541,3.3447161884621472,0.4607216786502103,0.00023681056487537928,7062,7062
61,39633468199537880,268.88345624910914,67.603570894069,sv3,bright,11607,3681019,1.0539699792861938,0.44757984012843816,218.01353,0.890849153226074,1.0648224949012497,0.30115098362275283,4.500083760537196e-05,7063,7063
62,39633468325364266,287.9438795903121,67.58475029702115,main,bright,16023,3711819,1.018239974975586,0.4324067043357461,374.64334,1.5910001689107596,1.624301272157844,0.04037223228160791,0.00019149899853592773,7064,7064
63,39633468325364410,287.969220922666,67.45075891175051,main,bright,16023,3711819,0.99058398604393,0.4206622871816563,270.59433,1.052916901918145,1.0534344340567896,1.1102230246251565e-16,0.00011687882226292976,7065,7065
64,39633468325367019,288.335493457711,67.52621571067405,main,bright,16023,3711818,1.0600950121879578,0.4501809021139129,299.6559,1.0621261293567261,1.1333090263941838,0.11932568336715088,0.00014234766746951488,7066,7066
65,39633468325367703,288.44331365656063,67.5776341302379,main,bright,16023,3711818,1.0625200271606445,0.45121071115507677,298.57568,0.9802441957034952,1.044422709686644,0.09921433233541077,8.437706892366453e-05,7067,7067
66,39633468337950159,290.2724169651268,67.56509252835801,main,bright,16066,3711817,1.0983200073242188,0.4664135629564779,218.98608,0.8042573953012244,0.8054407746328519,0.002330778236181552,3.1720219128525236e-05,7068,7068
67,39633468358919558,293.2553868247553,67.54457191474373,main,bright,16065,3711923,1.0335500240325928,0.43890828354954353,265.84604,0.8307509429955958,0.8311592756108538,0.0,3.617827914633192e-05,7069,7069
68,39633468367311569,295.0051966799681,67.44558195779365,main,bright,15979,3889422,1.0735199451446533,0.4558819462276762,261.60474,3.067523312672419,3.639416134326193,0.20634007548560085,0.0007405773539307314,7070,7070
69,39633469415887097,98.13287254781076,67.82150913744445,main,bright,7858,4382629,1.2918450236320496,0.5485960705821454,202.30203,0.888575130344041,0.8907549674951237,0.004754772316326927,2.986153170666684e-05,7071,7071
70,39633469524937537,115.07239645315732,67.79627388782272,main,bright,7790,4423701,1.1530799865722656,0.48966798503582076,292.5184,1.127412035456704,1.1436500776227436,0.021182693827584864,0.00018281327795688487,7072,7072
71,39633469541715175,117.770369065049,67.83890256798861,main,bright,7789,4443028,1.168720006942749,0.49630969016462084,285.92648,1.291920786279865,1.361776659357146,0.09999713977958447,0.00014448978890588884,7073,7073
72,39633469541715398,117.81158418610649,67.8031355943744,main,bright,7789,4443028,1.2065500020980835,0.5123746099597287,281.48468,1.091842239395707,1.092378904205805,0.0,8.209790453782073e-05,7074,7074
73,39633469545906936,117.93642471723982,67.83216584622217,main,bright,7789,4443027,1.1737799644470215,0.49845845627307567,245.51991,0.9548623619174857,1.0240318766000336,0.12692664091983552,0.00011948769553807833,7075,7075
74,39633469759816261,151.31013280460405,67.87471239676108,main,bright,7582,4592154,1.284060001373291,0.5452900760220999,178.85046,1.6880848774484774,1.7541126568893661,0.07768628644925724,7.383796864898403e-05,7076,7076
75,39633469864673512,167.6037961481131,67.63085035786135,main,bright,7527,4470792,1.184749960899353,0.5031169848410993,200.59315,0.9081974898687479,0.9187053280986031,0.01984336325345426,3.681709013569434e-05,7077,7077
76,39633469894034381,172.34377084765188,67.87327665494472,main,bright,7537,4470896,1.3991800546646118,0.5941770614774186,222.97945,1.0458715393370166,1.0463856085228322,0.0,5.5804963907914935e-05,7078,7078
77,39633469977919987,185.3293290916256,67.74259769830321,main,bright,11949,3888698,1.145799994468689,0.4865764570360746,202.48732,0.8625342452284501,0.9317025301087051,0.13797782495125155,3.381977777177923e-05,7079,7079
78,39633470015669749,191.38359481507908,67.83806282616598,main,bright,11953,3488005,1.1524800062179565,0.4894131968384911,138.35736,0.8308497955048109,0.8312581767082815,0.0,1.7964899342953763e-05,7080,7080
79,39633470053419067,197.423979551682,67.85749723848774,main,bright,11933,3488060,1.218150019645691,0.517300683853182,178.58469,1.000097324628612,1.016104381473565,0.0321293601701409,4.111997960016301e-05,7081,7081
80,39633470506405937,268.33501703028753,67.62839852752637,sv3,bright,11613,3681030,1.0589399933815002,0.4496904107878794,314.43887,0.9738956877067583,1.0262867664978759,0.09897850982688683,9.169581524817652e-05,7082,7082
81,39633470569318069,277.8298062487414,67.81817983076644,main,bright,16050,3694130,1.0371700525283813,0.44044556810911206,273.808,1.0001500683514029,1.1143263452412253,0.1793088937746563,9.124576809017248e-05,7083,7083
82,39633471735333738,100.6988851286469,67.92430210851728,main,bright,7857,4382626,1.1871099472045898,0.5041191787498087,201.97871,0.7814911917701736,0.7818753121191507,0.0,4.106403263739029e-05,7084,7084
83,39633471760499483,104.68563699232055,68.01485949676707,main,bright,7838,4416620,1.190809965133667,0.5056904316941196,277.16446,1.023394824722855,1.023897846102179,0.0,5.388083679780548e-05,7085,7085
84,39633471907300350,127.8938262905438,67.90552110995215,main,bright,7774,4514680,1.2043350338935852,0.5114339995682161,291.51956,1.2269346649641943,1.2282583939948843,0.0019379703794744074,0.00010688243145102928,7086,7086
85,39633471932465611,131.76776394785486,67.97496308893272,main,dark,7773,4514688,1.1100599765777588,0.47139906886734917,347.4529,0.4265848359806945,0.4506939203462735,0.10375538316663979,2.8588242187891705e-06,7087,7087
86,39633472104432641,158.97965634699946,68.12365523666278,main,bright,7619,4591876,1.2751400470733643,0.5415021201998496,287.51605,0.9936273844417347,0.9941157744603099,1.1102230246251565e-16,3.949544175009142e-05,7088,7088
87,39633472184126192,171.90938189252387,67.8788147741577,main,bright,7537,4470897,1.3515650033950806,0.5739568109448963,228.55101,0.849674662242015,0.9041866697690903,0.11594511051455947,3.145724321992209e-05,7089,7089
88,39633472268012907,185.27038054205784,68.08655422499612,main,bright,11949,3488770,1.107795000076294,0.4704372219074321,129.84682,1.1702141658467218,1.1707893522064616,0.0,2.719421779435211e-05,7090,7090
89,39633472955879228,293.68976550253075,67.93699150307226,main,bright,16065,3711932,1.0575200319290161,0.4490874086792977,231.94868,0.8627283746250223,0.8826395071289022,0.04078336015876638,7.337767336413416e-05,7091,7091
90,39633474008646371,100.46463894018557,68.26794802139806,main,bright,7857,4382639,1.1864799857139587,0.5038516587361412,227.55382,0.7959663915624825,0.8127519560462334,0.04114451194311197,3.558710594224125e-05,7092,7092
91,39633474008649036,100.8626359790748,68.1323112352974,main,bright,7857,4382639,1.125980019569397,0.4781596886545096,235.02359,2.0213965834277947,2.258690502993921,0.19524358863215818,0.0003650759161840031,7093,7093
92,39633474017038427,102.34958796049148,68.3706358215599,main,bright,7838,4382648,1.1860400438308716,0.5036648326200585,276.1698,1.071527252119721,1.1393937138243377,0.10637167677109405,0.0001608405507867528,7094,7094
93,39633474038007461,105.31832770414825,68.23622522672754,main,bright,7837,4416619,1.2556500434875488,0.5332254777332872,314.20557,1.2860543265421194,1.2949684556511605,0.012734346432334065,0.00017797842318352573,7095,7095
94,39633474084143549,112.49180338496014,68.33716674672011,main,bright,7873,4416622,1.283519983291626,0.5450607514574459,231.51967,0.8273770664632989,0.9007972533715274,0.13074464087144555,8.004558205068026e-05,7096,7096
95,39633474176419591,127.47799870115352,68.26244981118192,main,dark,7774,4514692,1.137095034122467,0.4828798007397301,282.21738,1.3012242520443846,1.3354603322177285,0.04886980873020397,0.00017893890702603443,7097,7097
96,39633474197389585,130.5300799561732,68.29104923240612,main,dark,7773,4514689,1.2840299606323242,0.5452773188939999,328.32867,1.2722596178685845,1.2762032629468112,0.006011086203782101,0.0001337391550858714,7098,7098
97,39633474197391788,130.92774067902877,68.22085990115404,main,dark,7773,4514688,1.2847650051116943,0.5455894635442551,256.67935,1.3904607944173426,1.407916456470596,0.02586221144556966,6.428845576797605e-05,7099,7099
98,39633474302247901,147.4244604341749,68.26796187894399,main,bright,7603,4589174,1.1438149809837341,0.4857334994227557,172.7809,1.2280899746663623,1.2312191550193348,0.004233354886088447,6.031352595253969e-05,7100,7100
99,39633474335802552,152.81417478812017,68.16487730234097,main,bright,7583,4589169,1.2468249797821045,0.529477818236305,148.71416,0.8917387181979715,0.9896792605940038,0.18740801566067578,3.866901177999945e-05,7101,7101
100,39633474415494842,165.61085729377265,68.16166820813025,main,bright,7535,4591872,1.2381250262260437,0.5257832881279771,150.5822,0.9993487908657855,1.0111178015544104,0.01931981202305355,0.00012674217045723332,7102,7102
101,39633474558100721,188.26010782075795,68.33043476349276,main,bright,11955,3488767,1.184404969215393,0.5029704803620467,131.95335,0.922709673141273,0.9870450393074117,0.12405584046691631,1.8409249490490902e-05,7103,7103
102,39633475191441043,289.3069011309663,68.33334973681448,main,bright,16066,3711955,0.9961889982223511,0.4230425166986627,241.74466,0.9972085099938433,1.1295606071492403,0.21701496756024574,0.0001036259930239216,7104,7104
103,39633476227434469,95.71188969641474,68.5630758215291,main,bright,7864,4382652,1.202650010585785,0.510718436053562,254.19623,0.8860003303909472,0.9148574746727266,0.06360920186715613,4.247108914394913e-05,7105,7105
104,39633476235823011,97.07687511797872,68.51870758891204,main,bright,7859,4382632,1.2399799823760986,0.5265710154763871,164.34904,0.9282362103864295,0.9749236437042815,0.09880397319452294,1.9595126445566828e-05,7106,7106
105,39633476277765277,103.71604536953812,68.50992700902911,main,bright,7839,4416630,1.2361400127410889,0.5249403305146582,266.73523,0.8754570751435897,0.9996872970382309,0.14173110916131093,6.264128060365027e-05,7107,7107
106,39633476294541449,106.2598346334891,68.40430796384022,main,bright,7837,4416628,1.2979499697685242,0.5511886025037914,381.89035,0.8769610371527653,0.9369431893810781,0.12151478833458129,6.999876741756353e-05,7108,7108
107,39633476311321806,109.47722558713464,68.62203521687894,main,bright,7875,4416625,1.1224649548530579,0.47666697810800457,256.3262,1.024639431572891,1.0428193477381922,0.034943874073920744,5.372854002709378e-05,7109,7109
108,39633476542006214,146.31063461186633,68.5589317355997,main,bright,7603,4592173,1.1606800556182861,0.49289543719806045,259.21912,0.8895172861759648,0.9256693926839953,0.07211368786800554,4.7347544252057544e-05,7110,7110
109,39633476659450060,165.7576796307247,68.38509115562394,main,bright,7535,4591880,1.3766000270843506,0.5845882066399082,224.7611,1.04896597551958,1.0538934789293064,0.0066488507016984055,4.254100078099876e-05,7111,7111
110,39633476743334339,179.09986759417606,68.38432198134755,main,bright,7517,4470915,1.2084699869155884,0.5131899524405932,170.4986,1.0002718508353272,1.1210894606229613,0.2063918462521973,3.0527983612391766e-05,7112,7112
111,39633477234067880,258.20465082067875,68.56747998073581,main,bright,11640,3889836,1.0267800092697144,0.43603332298635133,202.2688,2.182759620482793,2.577440607624154,0.2624785604996417,0.00046752170362914555,7113,7113
112,39633477414421293,287.00569994128125,68.57828224631278,main,bright,16072,3711447,1.1040699481964111,0.4688553380230379,466.4786,2.1641560772690993,2.538827981500545,0.2559643854756035,0.0008577227594307386,7114,7114
113,39633478513330053,105.7271058271074,68.6966842620581,main,bright,7880,4416628,1.166575014591217,0.4953987957818173,394.69882,1.1300834974403755,1.2113487781374634,0.12434310085967115,0.0003136641240546732,7116,7116
114,39633478681103598,133.4201195984188,68.7144839556074,main,bright,7945,4514696,1.0791149735450745,0.45825793602453035,191.5006,0.7828593823409356,0.7828586951836789,3.0670447069280904e-05,0.00013210731848618503,7117,7117
115,39633478777570314,148.7282319971494,68.67526866532357,main,bright,7603,4589183,1.1875699758529663,0.5043145349297203,187.30292,1.0847254685172543,1.1154693929219917,0.05356522422395593,6.547179256354642e-05,7118,7118
116,39633478853067620,161.02103288931386,68.72600652229768,main,bright,7619,4591883,1.305109977722168,0.5542291779264241,209.85068,1.2374573800644064,1.3238244399525838,0.12314517030910022,0.00010914731128136286,7119,7119
117,39633479029227894,189.6402476731961,68.72481253855469,main,bright,11956,3488775,1.2126699686050415,0.5149735204454247,165.09714,0.8813044467538657,0.9176083957220614,0.07868705192885239,3.830065961085623e-05,7121,7121
118,39633480631452416,92.19429213645516,69.05297676312824,main,bright,7866,4281352,1.304260015487671,0.5538682321988342,202.25522,1.0608599111582113,1.0613813474630363,0.0,2.5509505257228772e-05,7122,7122
119,39633480631452416,92.19429213645516,69.05297676312824,main,dark,7866,4281352,1.304260015487671,0.5538682321988342,202.25522,1.0608599111582113,1.0613813474630363,0.0,2.5509505257228772e-05,7123,7123
120,39633480677589081,99.7021741447528,69.10077645770902,main,bright,7860,4382658,1.077239990234375,0.4574617039240537,239.99506,0.9450886410343426,1.0488357520458813,0.1876742023469984,4.46808542015624e-05,7124,7124
121,39633480677591355,100.04144559764062,68.93215635839871,main,bright,7860,4382658,1.1006799936294556,0.46741575686518727,201.52872,0.8584970739616802,0.9787549627787222,0.23446668411015126,3.0285117298943513e-05,7125,7125
122,39633480774059306,115.88061532194176,69.09928929234376,main,bright,7791,4443059,1.1636349558830261,0.4941502678043207,369.92227,0.925545235540247,0.9975068530119504,0.13598974956992804,6.5228946738329e-05,7126,7126
123,39633480857947451,130.1042219085652,68.94582355797357,main,dark,7946,4514709,1.0635850429534912,0.45166298172033464,239.35709,1.0684994223132798,1.069024613608208,0.0,4.9965063430607446e-05,7127,7127
124,39633481013134960,155.3417311833051,68.94673397771504,main,bright,7626,4589187,1.2934999465942383,0.5492988516569375,163.23013,1.2273619140211776,1.32670451734514,0.14762211447515294,3.2650534715598196e-05,7128,7128
125,39633481034105816,158.74969835609608,68.97827075508093,main,bright,7625,4591894,1.210165023803711,0.5139097683312807,142.88557,0.9139450568855506,0.9613073599770791,0.09456810650087877,2.3546930651712468e-05,7129,7129
126,39633481046689921,161.00313846124263,69.04692147772691,main,bright,7619,4591892,1.235355019569397,0.5246069746077606,160.88643,1.0939536333533812,1.098149845593651,0.007268270290471723,8.936546030372878e-05,7130,7130
127,39633481147351657,177.35309890873287,69.05190900946221,main,bright,7541,4470925,1.2243200540542603,0.5199208562190446,187.44124,0.840580175185098,0.8719055061564378,0.07080038983978898,3.802552690624162e-05,7131,7131
128,39633481180906807,183.0313612013255,68.91978587793093,main,bright,11962,3488789,1.162750005722046,0.49377446407237624,140.038,1.022893010061276,1.028444668114516,0.008085623209806214,3.1214100842439545e-05,7132,7132
129,39633481214461556,188.5818582376836,69.05949407684271,main,bright,11958,3488786,1.2533999681472778,0.5322699587138959,164.79797,0.8662414972055963,0.8853630023105794,0.042610735188093884,1.9192718041307367e-05,7133,7133
130,39633482892181691,106.48201130959136,69.3036720385937,main,bright,7880,4416648,1.122914969921112,0.47685808191188284,226.49866,1.010049433869287,1.0537387846158244,0.08078771388649886,4.693337603195573e-05,7134,7134
131,39633482992847288,123.6830460641336,69.37229349820295,main,bright,7798,4443062,1.0481149554252625,0.44509344042529037,317.3431,0.9887283147766467,0.9892142967932263,1.1102230246251565e-16,9.398953168619027e-05,7135,7135
132,39633483001236772,125.31170550028436,69.37428998094983,main,bright,7796,4443061,1.147979974746704,0.4875022094232327,264.89056,0.8843776153855964,0.979335790268579,0.18438904210565799,8.011152684434404e-05,7136,7136
133,39633483194174691,157.42786726996488,69.33534891084037,main,bright,7624,4589194,1.1484500169754028,0.4877018179791776,170.43736,0.9257793212226118,1.0017100275652777,0.1249891084994289,2.0790620164374613e-05,7137,7137
134,39633483349362339,183.08300206159615,69.25813957793606,main,bright,11962,3488797,1.1581499576568604,0.49182100352030883,117.85066,1.1157465421060597,1.1162949564140354,1.1102230246251565e-16,4.877791916248881e-05,7138,7138
135,39633483441637970,198.72773111983804,69.31124172237523,main,bright,11977,3426561,1.1607600450515747,0.4929294055828028,233.45645,0.8937677624420598,0.8950179368156941,0.0026534682524372855,4.12807664167602e-05,7139,7139
136,39633485064835084,111.1626528143494,69.51991137921442,main,bright,7878,4416644,1.2081700563430786,0.5130625836536905,335.0427,0.9696820582871271,0.9701586786438867,0.0,6.564926940349778e-05,7140,7140
137,39633485089997338,114.89142247350736,69.43409143108173,main,bright,7877,4443070,1.2460399866104126,0.5291444623294074,283.72873,0.9384468582055063,0.9543120365670664,0.02959620157221554,4.5653130540338425e-05,7141,7141
138,39633485391989564,166.3254211600513,69.58985965382256,main,bright,7621,4591906,1.2705499529838562,0.5395528867120534,260.1834,1.0052079865874672,1.005702068730259,1.1102230246251565e-16,7.440729257768725e-05,7142,7142
139,39633485400379058,167.9450227116653,69.59465249364995,main,bright,7546,4591905,1.2995250225067139,0.5518574658173654,253.29437,1.0284290468005548,1.0565400954532824,0.05032078043534016,0.00012522089857011843,7143,7143
140,39633485408765189,168.91125958117257,69.43060309308262,main,bright,7546,4591895,1.3291400074958801,0.564433792000616,217.39708,1.0447007597554627,1.1056133402814345,0.09921388014661703,0.00012127724219977822,7144,7144
141,39633485463291864,178.32069286173737,69.56585650260763,main,bright,7541,4470943,1.2260900139808655,0.5206724889946955,198.96906,1.1332500895844657,1.1334004475738735,0.0005156205819959458,5.628455415858026e-05,7145,7145
142,39633485488459048,182.8034482198956,69.52830191744323,main,bright,11963,3488797,1.1561599969863892,0.4909759450307354,134.39836,0.8723140652722003,1.0254067215378109,0.22176499948781492,1.7567991620238877e-05,7146,7146
143,39633487308784044,131.30738103524507,69.8412699190756,main,bright,7947,4514728,1.1574000120162964,0.4915025309295279,324.8637,0.994346400079659,1.0032784588670363,0.018347587171203883,9.368565389452445e-05,7147,7147
144,39633487388478157,145.38565713386484,69.7420713181337,main,bright,7611,4592204,1.2538599967956543,0.5324653148938074,206.31491,0.9683148331959834,1.008164517285987,0.07813905540502686,5.68889321535982e-05,7148,7148
145,39633487463975345,158.25035588154654,69.81668869785604,main,bright,7627,4591913,1.3371700048446655,0.5678438179029053,198.24477,0.9984914161648523,1.0644414330814864,0.12099137504861412,5.2044482020441457e-05,7149,7149
146,39633487484946301,161.83284643794678,69.62955023894536,main,bright,7622,4591910,1.200909972190857,0.5099795097824867,426.77744,0.9530274197518109,1.05942254037619,0.14920262541012141,5.5588024754026517e-05,7150,7150
147,39633487539473323,171.23302889612708,69.66357244160028,main,bright,7547,4470949,1.120829999446869,0.47597267647351704,208.17532,0.8201219185392522,0.8205250267519495,0.0,2.7941269784724816e-05,7151,7151
148,39633487707245929,199.89812651803177,69.73326455551748,main,bright,11974,3426571,1.2088899612426758,0.5133682991163715,214.392,1.3859517347289088,1.6941446996496243,0.14699717043780247,5.784313874520794e-05,7152,7152
149,39633489250747525,104.67699207272724,70.10404970343572,main,bright,7883,4416669,1.0800000429153442,0.458633790379999,266.67038,0.8961334405208775,0.9726026133230211,0.15261488627890551,4.6634234963990736e-05,7153,7153
150,39633489334633283,119.19792208321267,69.94716690364497,main,bright,7803,4443076,1.1975300312042236,0.5085441810006694,328.25494,1.0525788623518146,1.1611274921863877,0.17990602674800316,9.17025730453623e-05,7154,7154
151,39633489355608417,123.32049648168396,69.92476156491304,main,bright,7798,4443073,1.2323600053787231,0.523335109185605,321.70728,1.158573637480042,1.2597988724352283,0.13524665261821311,0.0002492450846278987,7155,7155
152,39633489473047639,143.65154879968878,69.88846075658289,main,bright,7610,4592206,1.1912000179290771,0.5058560718653222,207.5281,1.437243955182078,1.4409867008969746,0.0032092844036272217,0.0002749767724345685,7156,7156
153,39633489535961122,154.3252761149808,69.90483658008618,main,bright,7648,4589206,1.1452100276947021,0.4863259212147783,146.583,1.043961103445658,1.0444742336096278,1.1102230246251565e-16,2.1822569636148193e-05,7157,7157
154,39633489594682285,164.652004916115,69.99986685408165,main,bright,7623,4591918,1.1736199855804443,0.498390519503591,258.88736,0.9893374706371786,1.0438208302421679,0.09151340286736753,6.339004347519485e-05,7158,7158
155,39633489598874113,164.8696019749623,69.9655780896792,main,bright,7623,4591907,1.1902600526809692,0.5054569053769566,269.3349,1.252032517909439,1.346786049120114,0.13905014216590317,4.927182895743874e-05,7159,7159
156,39633489619848540,169.02319263800308,70.0236698655863,main,bright,7632,4591914,1.4046499729156494,0.5964999218856183,266.6812,0.9180427469340059,1.0084262433298465,0.17098214852741445,6.627338704692807e-05,7160,7160
157,39633489653400103,174.30798589663678,70.02980806875388,main,bright,7548,4470956,1.327014982700348,0.563531377058117,190.03574,0.7521532283586821,0.7525229284443696,0.0,2.175819761327799e-05,7161,7161
158,39633490269964129,281.20456468474583,70.0494972996592,main,bright,16096,3890004,1.1289600133895874,0.47942517551261526,305.00693,1.0729824966036448,1.087403111185814,0.025218354573738777,0.00012713327781597485,7162,7162
159,39633491532450605,141.63170108775628,70.26400231815776,main,bright,7952,4592218,1.1773300170898438,0.49996602482393515,308.04645,1.0635401483258824,1.155828094225125,0.12015654927140651,4.641612923368145e-05,7163,7163
160,39633491553421330,145.15539440410055,70.20243559397271,main,bright,7611,4592215,1.2565699815750122,0.5336161394695862,244.99956,0.7829130221483919,0.8818417812429702,0.17915344849369796,3.421542980757754e-05,7164,7164
161,39633491557614322,145.6503310055763,70.36872527327914,main,bright,7611,4592224,1.2580099701881409,0.5342276463302345,301.40225,0.9383750281211141,0.9680692555345396,0.06018414246908077,6.523960152220207e-05,7165,7165
162,39633491758941564,181.04287918002152,70.20109342390577,main,bright,11963,3488854,1.1368900537490845,0.48279275358985757,195.77325,0.9441404042048867,1.0510373599206668,0.19009277667599989,0.00010814926130980228,7166,7166
163,39633491767331024,182.7677007721654,70.20573303480124,main,bright,11963,3488812,1.2156399488449097,0.516234754927497,130.08769,1.149061697275063,1.1496264867247736,0.0,2.514458597539547e-05,7167,7167
164,39633493474410594,122.73908638756048,70.61178575558853,main,bright,7805,4443093,1.2110999822616577,0.5143068086316296,268.9576,1.9458079151248975,2.451079408679873,0.37274369210522595,0.0002638458999522767,7168,7168
165,39633493604434432,145.87568220786665,70.55956542136293,main,bright,7611,4592224,1.2347100377082825,0.5243330760300432,316.7595,1.4089495533446925,1.4314226684073694,0.030182400977077695,9.631201750118637e-05,7169,7169
166,39633493709291978,164.4549307478388,70.4298029485067,main,bright,7623,4591928,1.1886200308799744,0.5047604522426903,216.27818,0.9648176931859399,1.088634343693044,0.21344738778768868,7.227755208786014e-05,7170,7170
167,39633493826735397,185.93172841333785,70.41907288279727,main,bright,11965,3488857,1.1079000234603882,0.47048182123225774,196.82335,0.8082829517750125,0.869491556159067,0.09448555216876475,2.1140980636725832e-05,7171,7171
168,39633494418132955,290.7025854799825,70.59272893963337,main,bright,16071,3712004,0.9872890114784241,0.4192630403167169,368.71826,1.437250514606383,1.5435262218793262,0.13098732556766046,0.00017592085717151572,7172,7172
169,39633495428959540,111.29062312870155,70.8665808734721,main,bright,7890,4416684,1.4412750005722046,0.6120531390980503,303.60358,1.5720075662454647,1.8624652738908523,0.1793958078145328,8.948796083264597e-05,7173,7173
170,39633495504460071,124.94267688621856,70.76532627781697,main,bright,7799,4443102,1.1935399770736694,0.506849761021965,346.97018,0.9803883225012743,1.0811084330023357,0.1497500849292156,9.703190309768909e-05,7174,7174
171,39633495558982607,134.69356475678708,70.78966039523277,main,bright,7950,4514755,1.2059299945831299,0.5121113170103325,284.06134,0.9631201092836045,1.0423964972491695,0.14733445537233947,0.00010223020414742569,7175,7175
172,39633495613506412,144.04366936721894,70.77867094864378,main,bright,7953,4592226,1.246109962463379,0.5291741783381164,210.20517,1.0439724715051744,1.0621209960981923,0.034620365593709845,7.694698958433244e-05,7176,7176
173,39633495693200837,158.87078185352937,70.83519564709621,main,bright,7649,4591941,1.190945029258728,0.5057477881470452,252.42163,1.2648479926712606,1.270654075555702,0.00856735371142403,6.90873993919797e-05,7177,7177
174,39633495735143839,166.35735713556087,70.80533725218311,main,bright,7634,4591935,1.1126499772071838,0.47249894086601435,202.94241,1.0872781979443629,1.1245177490341107,0.06489423368291758,8.962872048947734e-05,7178,7178
175,39633495835806432,184.2621784582834,70.74193376038579,main,bright,11965,3488816,1.1731599569320679,0.4981951633236794,181.93091,0.947347310423882,1.0755529898874763,0.22434538179859098,5.810080235169484e-05,7179,7179
176,39633495840000051,184.99289389673373,70.78665103865013,main,bright,11965,3488816,1.1380899548530579,0.4833023046727547,163.43948,0.9523895176460907,0.9694560084046467,0.030455392967018713,2.7362047252707277e-05,7180,7180
177,39633495877748415,191.65055611211017,70.74470431526706,main,bright,12001,3426597,1.1129800081253052,0.47263909209277916,166.62102,1.0428493009473099,1.1420879161619855,0.09230386158249893,4.403421031148336e-05,7181,7181
178,39633496389455210,283.78183442840736,70.84562453298824,main,bright,16097,3890019,1.1373000144958496,0.4829668478896026,325.8864,0.8517081519619338,0.8557238205779888,0.008169818116469219,0.0026737092601683545,7182,7182
179,39633497484165161,121.27533575559336,71.08858896240987,main,bright,7807,4443104,1.1738600134849548,0.4984924499695801,260.99448,0.9703904934909561,1.0528348877774059,0.15137735953625986,8.094939490955108e-05,7183,7183
180,39633497509334534,126.5942187275324,71.08868072271758,main,bright,7970,4514762,1.1131099462509155,0.47269427173416384,258.55695,1.0498383654807744,1.0507106088495715,0.0019231695542240024,7.178373897020919e-05,7184,7184
181,39633497572246988,137.62264667276332,71.04028686819946,main,bright,7949,4592241,1.2747299671173096,0.5413279752765804,267.17722,1.0189161974649101,1.1078047642458253,0.13702314755618927,0.00017804093863930498,7185,7185
182,39633497614190743,145.32385288915566,71.04371757427069,main,bright,7956,4592235,1.1882950067520142,0.5046224272039422,282.48672,0.9994596057906373,1.005547565802135,0.011089570482264555,5.0433214252471535e-05,7186,7186
183,39633497765185576,172.75989083931051,70.97187059071814,main,bright,7633,4470976,1.271054983139038,0.5397673532723528,210.78458,0.9703154606627296,0.9723389463234033,0.0029938335833318286,4.2017659614062956e-05,7187,7187
184,39633497769377875,173.14979410646745,70.93442343094772,main,bright,7636,4470976,1.316070020198822,0.5588834794301766,211.57982,0.9297867646662269,0.988480515540458,0.11657501396778325,3.1383345472533116e-05,7188,7188
185,39633497878432598,193.6851633620552,71.04733878410568,main,bright,12004,3426606,1.1863199472427368,0.5037836966548945,162.97278,0.9250050856685169,0.9259105615422255,0.0021425020532930272,4.784236480675666e-05,7189,7189
186,39633498398524587,287.76805764784774,71.12368355984997,main,bright,16077,3890016,1.1093000173568726,0.4710763439005349,273.42593,1.0597464884297618,1.125674941898456,0.11445919958172157,7.927888770088094e-05,7190,7190
187,39633499405159963,112.6916923758624,71.25609494830864,main,bright,7890,4416693,1.1650450229644775,0.49474906816039327,267.87952,1.0278642585733249,1.029231117319429,0.0016560166037712376,0.0005134626284368602,7191,7191
188,39633499447101391,120.09523969941634,71.14825262595089,main,bright,7806,4443105,1.1491550207138062,0.48800120550133286,226.81468,0.8672599875984269,0.9125417569436225,0.09607730330332065,5.9076553022448034e-05,7192,7192
189,39633499468071472,123.73016558714086,71.33350578948223,main,bright,7976,4443113,1.2057200074195862,0.5120221436724434,283.07428,1.440200231901023,1.477859357445633,0.047575688207756595,0.00022898802670394153,7193,7193
190,39633499480655146,126.21306076319269,71.31968022880798,main,bright,7970,4514772,1.117319941520691,0.4744820921150287,294.37402,1.2444573581708192,1.2696724436273124,0.03707333821314751,0.0001733229165898045,7194,7194
191,39633499510016662,131.87680663307606,71.14836404283335,main,bright,7972,4514758,1.3385350108146667,0.568423482566828,286.76642,0.9147894489014251,0.9167623533098282,0.004295774995266455,4.0058743374696775e-05,7195,7195
192,39633499560346226,140.73942224822565,71.29829163958412,main,bright,7954,4592248,1.2686599493026733,0.5387502760475268,222.25298,1.0203659595342494,1.020867492158786,1.1102230246251565e-16,3.4658472561844486e-05,7196,7196
193,39633499623260931,152.33359615050463,71.18375544196007,main,bright,7656,4589238,1.3273299932479858,0.5636651497208318,236.72665,1.4977852120811266,1.498521406915331,0.0,8.340051725901834e-05,7197,7197
194,39633500231434441,264.24510238034617,71.33733428440765,main,bright,11732,3680819,1.062809944152832,0.45133382756594614,249.79872,0.9097309333361866,0.9101780863780485,0.0,7.284357412503906e-05,7198,7198
195,39633500340487499,284.5363662515944,71.17779632539687,main,bright,16078,3890019,1.0951550006866455,0.46506950838880423,316.86633,0.8998960971263776,1.0161956335287539,0.19937329326407882,0.0001906586308433689,7199,7199
196,39633501313566841,105.19843831854024,71.45865086160306,main,bright,7887,4416699,1.2925200462341309,0.5488827262879629,318.46048,1.0189942229966895,1.0337881360557226,0.031090091615837423,9.879653019049522e-05,7200,7200
197,39633501317760716,105.94299615665284,71.490511650588,main,bright,7887,4416698,1.3092349767684937,0.5559809037345299,438.3739,0.9386959984298835,0.939157388447196,0.0,6.029378774538173e-05,7201,7201
198,39633501321953417,106.46133861123724,71.57163177112952,main,bright,7887,4416698,1.2892099618911743,0.5474770628913304,417.75403,1.0242118677059162,1.0247152906800876,0.0,8.438758517688357e-05,7202,7202
199,39633501334538989,109.30934429029944,71.51727548942955,main,bright,7896,4416695,1.2101849913597107,0.5139182477715851,355.2371,1.75662898617634,1.815773102811551,0.0416537397952923,0.0001473731769909486,7203,7203
200,39633501519086996,143.5027855738621,71.43947460345257,main,bright,7953,4592246,1.1750450134277344,0.4989956731119514,208.30258,0.9342194089849717,0.9827402131092712,0.09579313451785643,3.157128277837257e-05,7204,7204
201,39633501523281157,144.21898438895258,71.47831060644047,main,bright,7953,4592246,1.0976200103759766,0.4661163016223393,235.61731,0.9281792399560282,0.9286354607520139,0.0,4.227138798961231e-05,7205,7205
202,39633501561031237,151.48922750543196,71.60272960534677,main,bright,7656,4589248,1.163540005683899,0.4941099461672905,196.94821,1.0319372042257244,1.1331093446349263,0.17047172477551165,0.00014106957246685697,7206,7206
203,39633501741386770,185.24567936667776,71.53615570767333,main,bright,12008,3488832,1.115725040435791,0.47380479998467445,176.60583,0.984599039123715,1.0313461064669758,0.08919405768711752,5.2985596524391307e-05,7207,7207
204,39633502110483164,253.6736004205314,71.52786790947131,main,bright,11727,3889811,1.1236900091171265,0.4771872107545092,248.68535,1.1897273150946277,1.190790359168744,0.0017001297504561919,0.00012584824452986846,7208,7208
205,39633502135650793,258.8584076939944,71.59611427474775,main,bright,11736,3889894,1.2339699864387512,0.5240188051917714,246.64767,1.0282739943500323,1.0467827390177555,0.03339764586268046,5.811895225498809e-05,7209,7209
206,39633503263918481,110.62053644719197,71.8143623367074,main,bright,7896,4416704,1.231415033340454,0.5229338165092228,314.96982,1.1982630022002956,1.198851975188627,1.1102230246251565e-16,7.001194527829179e-05,7210,7210
207,39633503314250205,120.24105298535044,71.86386157699104,main,bright,7807,4443125,1.1599349975585938,0.4925790401717719,271.97803,1.1014577452227532,1.1597825773767803,0.0976505676436652,9.038505781288741e-05,7211,7211
208,39633503356191850,127.91305647587274,71.8251482786331,main,dark,7971,4514781,1.1062999963760376,0.4698023522903626,324.556,0.7599717745420227,0.7603453176175224,0.0,5.865783649753956e-06,7212,7212
209,39633503381359051,133.00732064122664,71.6305386301779,main,bright,7972,4514777,1.2295900583267212,0.5221588209771506,277.572,0.8452054859534742,0.8746187035775989,0.06632825193267211,4.6186400437574594e-05,7213,7213
210,39633503444274067,144.90588399181786,71.7573044870818,main,bright,7956,4592255,1.1574999690055847,0.49154497875457476,286.22464,0.9718085115483264,1.0279869012686669,0.1064626169581262,9.558991946124294e-05,7214,7214
211,39633503612044327,176.2387307801942,71.66554348199709,main,bright,7636,4470992,1.2092050313949585,0.5135020970908484,244.44238,0.8649041894482536,0.9535316264258736,0.1740248683960547,5.2548263819118216e-05,7215,7215
212,39633503612046007,176.54250911485576,71.78133110060655,main,bright,7637,4470992,1.2227799892425537,0.5192668509098252,206.80423,0.9270881822421898,1.0194283605524501,0.1514757199636061,5.113616106124222e-05,7216,7216
213,39633503645598553,182.54130391379513,71.69565039531794,main,bright,11967,3488841,1.1505800485610962,0.4886063591096933,114.42208,1.0227571582457804,1.02333341442448,0.0,2.9125637561949568e-05,7217,7217
214,39633503662376016,185.7514736559484,71.62564206444765,main,bright,12008,3488831,1.0607999563217163,0.45048026432430605,195.73747,1.0253510849700036,1.0258550678948661,1.1102230246251565e-16,2.9353869783557835e-05,7218,7218
215,39633504052446424,259.5696843380274,71.6770332250538,main,bright,11731,3680832,1.290850043296814,0.5481735413373587,335.98657,1.2093542403832924,1.2162720062778123,0.010810581657318519,0.00018977405294850385,7219,7219
216,39633504077611097,264.0608288446533,71.78840961007624,main,bright,11732,3680829,1.115144968032837,0.47355846591588724,261.6279,1.0834500916057954,1.2126847454904663,0.18513242913364025,0.00016287366095433723,7220,7220
217,39633505252017085,127.98872988347162,71.93165518089867,main,dark,7971,4514781,1.0954400300979614,0.4651905492351812,324.0937,1.989113618384804,2.0915321604590154,0.09480546962279723,0.0001173008477451045,7221,7221
218,39633505298153902,136.6967092176681,72.0374295600211,main,bright,7962,4514986,1.093975007534027,0.46456841143444955,271.38535,2.423136309582732,2.695855841930056,0.13143552135240133,0.00041242454718422484,7222,7222
219,39633505348486916,146.71349922648702,72.04327884118243,main,bright,7956,4588267,1.2956500053405762,0.5502118975395198,324.5742,0.9499804120004133,0.995985908147611,0.09146324647913462,7.408918740660814e-05,7223,7223
220,39633505394623223,155.2444484418876,72.1074227204632,main,bright,7657,4588473,1.2415350079536438,0.5272313740378944,177.21544,1.2779371258559222,1.282666038222221,0.005495525707395754,3.905158565386135e-05,7224,7224
221,39633505394624381,155.52723439052957,72.05968645750285,main,bright,7657,4588473,1.1805100440979004,0.5013164579556587,199.22624,1.0455003084393777,1.0602804894634703,0.021810864476525804,3.645363491877672e-05,7225,7225
222,39633505474317175,171.0560456430499,72.04617766694533,main,bright,7635,4471008,1.2046400308609009,0.5115635198548976,168.90254,0.9399112721779939,0.9816456176715308,0.07939827451567083,7.723636998535979e-05,7226,7226
223,39633506036351926,278.2301458527948,72.06475617292344,main,bright,16099,3890583,1.049589991569519,0.44571983060205533,253.64867,0.8293737097226348,0.8297813653970251,1.1102230246251565e-16,3.4894299039504796e-05,7227,7227
224,39633506082491617,287.5081694306559,72.09981658050101,main,bright,16090,3712046,1.025189995765686,0.43535810642048955,317.5212,0.9916722596720731,1.0241195792499393,0.0528818484223843,5.4374610874753856e-05,7228,7228
225,39633506090877389,288.5798499507948,72.05513323697112,main,bright,16088,3712045,1.0041999816894531,0.42644446814884107,297.10904,2.0917868555058763,2.2110442991456956,0.11023727090319224,0.0001954973784521959,7229,7229
226,39633507059762708,115.96442422241232,72.14086414930041,main,bright,7892,4443139,1.2629400491714478,0.5363212581090666,310.99612,1.0034904579061876,1.0039836958453294,0.0,5.048114194104947e-05,7230,7230
227,39633507122678111,128.44338768374132,72.30771156880147,main,dark,7974,4515002,1.2246549725532532,0.5200630830103018,348.26395,1.1773147501097185,1.1778934265649754,0.0,4.692843107286312e-05,7231,7231
228,39633507156232282,134.96507127143917,72.18894144679399,main,bright,7951,4514987,1.1267600059509277,0.47849091837339053,273.34793,1.3188849880963023,1.3197154141515646,0.0014206593481012053,0.00019707164580513213,7232,7232
229,39633507382724403,178.84953249955618,72.1503451872459,main,bright,7551,4471002,1.127875030040741,0.47896442550705287,231.76756,1.1345030493081403,1.1411070103481125,0.008669539149082639,4.243675020252558e-05,7233,7233
230,39633507764407664,253.23112594044017,72.25321822847931,main,bright,11749,3649052,1.188610017299652,0.504756199866657,207.60915,2.238416928811674,2.6398543801024648,0.2798141102091717,0.00029108776610293563,7234,7234
231,39633507865070968,272.8396244181487,72.30118319564464,main,bright,16106,3890412,1.1588599681854248,0.4921225172304807,281.32068,0.900129151835569,1.0197348431687934,0.21678733325079869,0.00010675792105649048,7235,7235
232,39633507869263477,273.1958560324423,72.2735017086703,main,bright,16106,3890412,1.1409499645233154,0.48451683895374686,264.73264,1.0591651395155752,1.0596857428023425,0.0,0.00011497362065382425,7236,7236
233,39633509106583339,154.94781259433708,72.44238363549212,main,bright,7657,4588483,1.3388700485229492,0.5685657599816093,169.5386,0.9624282903500176,1.0680016998532942,0.18672118478054012,2.914970704569234e-05,7237,7237
234,39633509123361076,158.35126454940504,72.59769583482756,main,bright,7654,4588481,1.3091100454330444,0.5559278502811619,192.25284,1.1946868975075933,1.245163711318993,0.06563127094831123,3.749171034158089e-05,7238,7238
235,39633509123361709,158.4912319400561,72.50072531339163,main,bright,7654,4588481,1.2722349762916565,0.5402684502267074,185.02487,1.0419773590744714,1.1324958043313103,0.14198891300854677,5.830229009828792e-05,7239,7239
236,39633510780109762,124.38799880456024,72.8185062441266,main,bright,7979,4443152,1.1385149955749512,0.4834828028483118,268.8999,1.0328937497103823,1.0334014400231757,1.1102230246251565e-16,0.00011578943563508024,7240,7240
237,39633510780112151,124.9871756220572,72.78552429403545,main,bright,7977,4443152,1.2358750104904175,0.5248277944203479,241.58919,1.2911112314520943,1.299881016208734,0.008076689534376458,0.000129226988599023,7241,7241
238,39633510813664666,131.1550992872469,72.68792703858726,main,bright,7975,4515000,1.1954799890518188,0.507673608254896,334.3047,0.9704610955746379,0.9991044227090042,0.05801976747230031,6.205266147251487e-05,7242,7242
239,39633510830440940,134.2727867590594,72.74803991799509,main,bright,7984,4514998,1.193310022354126,0.5067521082437713,345.3138,1.2113720841883082,1.2119675005827855,0.0,8.591132352259849e-05,7243,7243
240,39633510830442924,134.75872576150007,72.69732260686936,main,bright,7984,4514997,1.18572998046875,0.5035331608335982,305.67413,1.1062121027390837,1.2105921086381402,0.1669390004621718,6.642744390004463e-05,7244,7244
241,39633512533330511,114.6778038608069,73.05936720542398,main,bright,7895,4443159,1.2146999835968018,0.5158355884391315,254.75734,1.0720430993458767,1.1517536460765017,0.13341706952472265,9.646951341028232e-05,7245,7245
242,39633512592049667,126.25764059668664,73.026203537925,main,bright,7980,4443151,1.2770299911499023,0.542304705552614,273.33066,1.0858758110755184,1.2043375636538927,0.16221196960150253,9.772049266402712e-05,7246,7246
243,39633512608828952,130.03453760067742,73.07832326786514,main,bright,7975,4515011,1.1870149970054626,0.5040788571127786,331.1201,0.9347323564645733,0.9351917982634655,0.0,4.845678019918642e-05,7247,7247
244,39633512625604235,133.09540174875036,73.0117264431888,main,bright,7973,4515009,1.2387449741363525,0.5260465557656113,339.79788,1.0862825905949907,1.086816522713716,1.1102230246251565e-16,6.022832953895468e-05,7248,7248
245,39633512654964594,139.0420356060526,73.0986050246618,main,bright,7963,4515004,1.1495699882507324,0.48817742598909447,262.21234,1.1367597165610794,1.1373920209749344,0.0,8.555197890685204e-05,7249,7249
246,39633512659159343,140.00119137524817,72.94599455201129,main,bright,7963,4588292,1.2080850005149841,0.5130264637691694,247.92288,0.9596462613864513,1.0573029662829223,0.17506486603040639,9.919103255376614e-05,7250,7250
247,39633512688518193,145.61693740306518,72.94120803193493,main,bright,7959,4588288,1.158270001411438,0.4918719814091844,278.9461,1.179033345851611,1.3650261483395738,0.21656905020392125,4.548287025508244e-05,7251,7251
248,39633512726268689,153.5985648570626,72.98046172253731,main,bright,7659,4588494,1.2417550086975098,0.5273247997518169,276.6365,0.9461675958650961,0.9724331221048169,0.05368549645541132,4.5532647171315395e-05,7252,7252
249,39633512856291832,179.7854599993012,73.09101685178396,main,bright,7639,4471000,1.1972349882125854,0.5084188877782592,186.48816,1.006104058201863,1.0219495332178903,0.026229515954782734,3.884789709505639e-05,7253,7253
250,39633512877263313,184.08038574152448,73.07285492252652,main,bright,12009,3488935,1.198514997959137,0.5089624578694228,234.4612,0.8081528896376396,0.8761967982941599,0.14888951133784167,3.419768567121662e-05,7254,7254
251,39633513363802312,281.8124878313314,72.94736498413769,main,bright,16101,3890599,1.1977900266647339,0.5086545909069631,358.306,0.9552364560308053,1.0570259205965598,0.18491827282817064,9.996074740547776e-05,7255,7255
252,39633514383017972,129.0171086408822,73.1866180449591,main,bright,7981,4515022,1.2099800109863281,0.5138312006217126,325.13284,0.9382659728968128,0.9387271515469856,0.0,6.300404541026131e-05,7256,7256
253,39633514450126662,142.75023356551097,73.13193217601292,main,bright,7964,4588290,1.1690000295639038,0.4964286048229811,295.2681,1.0408114571837224,1.0583738997083727,0.032146580039190575,0.00014581005697511147,7257,7257
254,39633514496262918,151.88404525531297,73.15764324357792,main,bright,8000,4588294,1.1339600086212158,0.48154847798839434,242.63847,1.154531843795925,1.287110310178656,0.19847363688041653,6.727096526796887e-05,7258,7258
255,39633514496262967,151.89572871210805,73.28042158591403,main,bright,8000,4588294,1.122979998588562,0.4768856970443373,295.23163,0.9007549476256418,0.9078751798772421,0.015400774016285035,6.579054188431095e-05,7259,7259
256,39633514601121961,173.66242746943811,73.34811111992678,main,bright,7644,4471034,1.4038599729537964,0.5961644397907041,246.15506,0.9451706431941118,0.995029693239585,0.0986558126678806,3.593066928218268e-05,7260,7260
257,39633515003775814,256.15805727080345,73.23075605727698,main,bright,11760,3890358,1.2741199731826782,0.5410689347032174,304.39468,1.1428725206251729,1.1612293969922762,0.029266668759307057,0.0001448002165187349,7261,7261
258,39633515121214728,279.68318783334576,73.17792807607289,main,bright,16103,3890601,1.2499500513076782,0.5308049139233695,265.8305,1.017982323099925,1.0597361930272657,0.07864433207371124,5.7272334579046844e-05,7262,7262
259,39633516136238604,130.10901446680117,73.52281357256443,main,bright,7975,4515021,1.256719946861267,0.5336798238630375,284.3199,0.8543071985888834,0.854727109629099,0.0,4.5717955853664174e-05,7263,7263
260,39633516245288416,152.43758177420358,73.56553227286842,main,bright,8001,4588304,1.1167099475860596,0.4742230515416658,236.61714,0.840251991682164,0.9566648200630975,0.22929175606079977,4.734098029177581e-05,7264,7264
261,39633516299815644,164.07364827661112,73.42598982232794,main,bright,7666,4588497,1.1576949954032898,0.49162779884017604,212.12216,1.0959120001300677,1.171391919283727,0.11658739244513416,9.605904004216046e-05,7265,7265
262,39633517923008591,143.661719701142,73.84314223025919,main,bright,7965,4588310,1.1112200021743774,0.47189168638139933,284.71906,0.9792272963327512,0.9797086083868809,0.0,9.46621509576118e-05,7266,7266
263,39633517969149285,154.2389242566451,73.85118024293763,main,bright,8001,4588513,1.205204963684082,0.5118034247361106,342.4915,1.0995784339562094,1.1878109712904086,0.14600378971123829,7.816251711374936e-05,7267,7267
264,39633518069810993,175.13879915753057,73.71383182998025,main,bright,7644,4471042,1.2194000482559204,0.5178315221280079,208.46661,6.404540476224492,7.587906219102288,0.2862762236880345,0.0019346394379254226,7268,7268
265,39633518086588304,178.7202514393568,73.63488851148058,main,bright,7645,4471041,1.2069100141525269,0.5125274930028313,202.0362,0.9790261456847447,0.9979883099498846,0.03201931360021526,2.659149282951501e-05,7269,7269
266,39633518103366163,182.4655982545225,73.67746681040103,main,bright,12014,3488939,1.180329978466034,0.5012399911223454,207.98444,0.9444702244147622,1.0155767958866835,0.1362670168316461,3.667124774391324e-05,7270,7270
267,39633519562984551,133.00003902962814,74.0387873861421,main,bright,7986,4515039,1.1688849925994873,0.4963797531221222,309.5378,1.2822596814409226,1.282889940670331,1.1102230246251565e-16,5.737015621709869e-05,7271,7271
268,39633519718171010,165.70771113243637,74.07419808592984,main,bright,7666,4588516,1.2336699962615967,0.5238914110931066,272.86633,1.188890049629931,1.2347327424459589,0.07988707269269246,0.00018916859304833768,7272,7272
269,39633519793669443,182.13688609720109,74.12333736915205,main,bright,12014,3488908,1.0810500383377075,0.4590796823812069,199.4428,1.0674758058610492,1.0680004940256633,0.0,1.564252128181862e-05,7273,7273
270,39633521202955914,126.46090395121134,74.31117558936286,main,dark,7983,4443181,1.186269998550415,0.5037624853982521,214.96417,1.6012772998394755,1.7184690925808688,0.11119312846024432,6.205963233721683e-05,7274,7274
271,39633521450421571,180.86974615052551,74.30255595069193,main,bright,12014,3488908,1.0959150195121765,0.46539225866738065,169.36258,1.3108679445416267,1.3248184138953838,0.017480652706071464,6.739222475658256e-05,7275,7275
272,39633521454612774,181.0006825191389,74.25505712411537,main,bright,12014,3488908,1.1166199445724487,0.47418483078089013,172.37032,1.1958130136319431,1.2070885031271998,0.017048400313605994,2.6624223951544458e-05,7276,7276
273,39633522830345872,122.9184211858517,74.57022873958095,main,bright,8068,4443194,1.1087100505828857,0.4708258080792386,276.87338,1.0177095883885563,1.0182098153474344,1.1102230246251565e-16,5.6849643038505274e-05,7277,7277
274,39633522842927478,125.32880254960308,74.57258463680155,main,bright,7983,4443192,1.0324000120162964,0.43841991841152667,288.21616,1.0018898959211473,1.0203268230786264,0.029261447573218136,4.000453024445794e-05,7278,7278
275,39633522889065171,135.6714192452145,74.47754156889616,main,bright,7987,4515047,1.017234981060028,0.431979922714926,290.4896,0.9752060526071358,0.9756853881302958,0.0,4.8156890392992834e-05,7279,7279
276,39633522914232019,141.48567464691237,74.45251161283748,main,bright,7966,4588331,1.100659966468811,0.4674072521131206,250.87578,2.952062155242196,3.5505643422654813,0.3066805232243227,0.0011948806232891709,7280,7280
277,39633522922621688,143.64469601350697,74.49253763312157,main,bright,7967,4588329,1.0727100372314453,0.45553801000421956,314.63687,1.115436997337867,1.1867471565180983,0.11662207551245796,6.786721223142074e-05,7281,7281
278,39633522926813407,143.88470641660294,74.41268294260837,main,bright,7967,4588329,1.2097500562667847,0.513733547843519,298.75635,1.0236545079535653,1.0848457174871537,0.10931960602851276,0.00016897080571336756,7282,7282
279,39633523119753577,187.1509144247412,74.60137790545842,main,bright,12024,3488913,1.1751700043678284,0.4990487518770816,193.83897,0.7799695650209321,0.7933227323620197,0.031664326615389315,3.286970766932542e-05,7283,7283
280,39633523518212037,275.0419555945829,74.4954592448182,main,bright,16120,3711604,1.2011600136756897,0.5100856926245092,255.39864,1.9746205076055083,2.1192471511718995,0.09109376268465441,0.00042054684262256086,7284,7284
281,39633524403208658,112.25840427156324,74.74460839144804,main,bright,8072,4425072,1.2323150038719177,0.5233159988052172,288.38232,1.02931528260646,1.1807526676608688,0.24410452535167115,3.720267458894382e-05,7285,7285
282,39633524512262182,137.2326397526354,74.85460428345573,main,bright,7990,4515056,1.055690050125122,0.4483102869592089,286.01587,1.0779437459247183,1.0784735793153217,0.0,5.6642297471226224e-05,7286,7286
283,39633524524846787,140.366658693968,74.76250932917237,main,bright,7988,4588342,1.3189300298690796,0.5600980137111687,239.46002,0.922023915965989,0.9224771112829622,0.0,4.699229191709866e-05,7287,7287
284,39633524617119069,160.62901409658252,74.82581473185294,main,bright,7663,4588537,1.14260995388031,0.4852217715283177,250.0525,1.0923781469091447,1.1646738821886191,0.1207232979291557,3.715277564039411e-05,7288,7288
285,39633526051571765,124.95875952285036,74.92469226421515,main,bright,8069,4443202,1.147670030593872,0.48737058826029667,345.79498,1.2695071780036853,1.2701311690932575,0.0,7.580483345799104e-05,7289,7289
286,39633526118681795,140.61344459128327,74.8893018977402,main,bright,7988,4588341,1.059059977531433,0.4497413633649929,281.946,1.1363405780724294,1.1369723002418088,0.00016439152021585635,9.43688996855732e-05,7290,7290
287,39633526139650907,144.82912106280386,75.08758742182478,main,bright,8010,4588339,1.2360550165176392,0.5249042359418992,314.0647,0.8979925732434961,0.9323266714883968,0.0738934599214196,5.718920986256194e-05,7291,7291
288,39633526169010579,151.37102849370987,75.0346274075123,main,bright,8009,4588335,1.5884599685668945,0.6745568400943425,306.66367,1.1818941893441148,1.2032459304340088,0.03839187749927353,8.819526372564392e-05,7292,7292
289,39633526265481689,173.84936150185325,74.98568810812587,main,bright,7668,4471073,1.245829999446869,0.5290552889915182,218.93187,1.1002702203377839,1.218926055200486,0.18222942823840982,4.7121143179372775e-05,7293,7293
290,39633526651356058,261.6097201365325,75.04917606960616,main,bright,11766,3890529,1.277999997138977,0.5427166291690796,283.08652,0.9645009376361673,0.9649750113565817,0.0,5.232086740933452e-05,7294,7294
291,39633526693298559,271.0354804511448,74.95554599472406,main,bright,16111,3890464,1.235759973526001,0.524778942719489,382.20782,0.8171051394716076,0.8862700106018173,0.15066106960929104,0.00011056227995169878,7295,7295
292,39633526701690567,273.69614754927716,75.07381740561537,main,bright,16122,3711614,1.2366000413894653,0.5251356866945698,267.37213,2.105559073916351,3.301316097043438,0.5658501285245077,0.0009175335192233945,7296,7296
293,39633527590882360,118.5273000208309,75.34808402054789,main,bright,8070,4443216,1.3292700052261353,0.5644889969537629,244.03981,1.0242358905550686,1.0327203191209517,0.015858321975252943,4.355521373330482e-05,7297,7297
294,39633527666380014,136.14063050939023,75.19781683020122,main,bright,7990,4515057,1.172315001487732,0.49783634378410613,303.57495,0.8760912822629721,0.9772275102874844,0.19869416013879782,4.4156854854295894e-05,7298,7298
295,39633527678961058,138.49247138471583,75.31245749649847,main,bright,7990,4515065,1.1622899770736694,0.4935791078924647,260.71738,1.0726434292516405,1.1499824237347847,0.09534740281583043,4.772620348073504e-05,7299,7299
296,39633528261970773,273.9790232110203,75.1585621479639,main,bright,16122,3711624,1.2286499738693237,0.5217596038652608,366.05377,0.8548306387262875,0.9450064453692888,0.18317892699742377,7.132382965752379e-05,7300,7300
297,39633528278745542,277.3990017168612,75.36670652491361,main,bright,16121,3711622,1.1652350425720215,0.4948297620579779,218.24966,0.9198304434966235,0.9202825606729609,0.0,7.147567420018962e-05,7301,7301
298,39633529159552502,124.53723434261032,75.49558800673877,main,bright,8069,4443213,1.1297800540924072,0.47977341473562946,273.31033,0.9510535780379643,1.0031172120696052,0.10093531254810428,8.044135783361362e-05,7302,7302
299,39633529767724910,267.50805114813323,75.4289884659705,main,bright,11765,3890572,1.1973199844360352,0.5084549823510182,365.66068,1.1544631465843158,1.2292122442829827,0.11623913077500336,0.0001237545313845519,7303,7303
300,39633529788696330,272.41310117041667,75.54144685913975,main,bright,16122,3681817,1.265720009803772,0.5375017986935544,319.0826,1.316915301799532,1.438387801146831,0.15896111841278537,0.00010589127443086198,7304,7304
301,39633530648529831,117.29690460712057,75.7445920247196,main,bright,8076,4443227,1.425950050354004,0.605545231943727,288.54477,1.0246901026733173,1.0663767290981645,0.07604930780268793,8.524654363658845e-05,7305,7305
302,39633530673693630,122.9294547012453,75.7275583060404,main,bright,8069,4443224,1.3814799785614014,0.5866605312268117,296.04547,1.418725820890167,1.4315970776525306,0.014713265553617516,0.00026973884716103127,7306,7306
303,39633530694668213,128.71422083510103,75.67666556941309,main,bright,7994,4515081,1.25409996509552,0.5325672200480345,437.1928,1.2324157808334535,1.2326558172024782,0.0005025820959903005,0.00028676331877240695,7307,7307
304,39633530703053773,129.99692439804397,75.72762967159741,main,bright,7995,4515080,1.3832499980926514,0.5874121893142248,403.7458,0.8754350259873442,0.8877355448021055,0.028199362815045315,6.596485064869822e-05,7308,7308
305,39633530749192153,141.2591082879543,75.65596036967271,main,bright,7989,4588361,1.3649200201034546,0.5796281643617126,235.13222,1.0590593119440586,1.0887914547653663,0.052429142384782246,5.7728078351032266e-05,7309,7309
306,39633530753384823,141.88734359897228,75.74921683508269,main,bright,7989,4588360,1.3103699684143066,0.5564628903084968,229.40388,1.001688506807922,1.0924436162852589,0.15802428976466554,8.778830716928081e-05,7310,7310
307,39633530761773605,143.94210731514306,75.77277780019178,main,bright,8032,4588359,1.3537449836730957,0.5748825633320543,259.3877,1.2147363737293122,1.2294794778883749,0.018363424463322287,5.866048080616085e-05,7311,7311
308,39633530778552356,148.39366953739565,75.64528041098555,main,bright,8011,4588356,1.2494100332260132,0.5305755893587156,354.27737,0.930973070925424,0.9311202080743931,0.0006220973687697251,0.00078278239262438,7312,7312
309,39633530946323457,188.3299200698903,75.75953796042374,main,bright,12028,3488925,1.1792450547218323,0.5007792664285451,171.12376,1.2935092561304993,2.24321311008505,0.5494360065889755,5.238938003253127e-05,7313,7313
310,39633532145896017,118.2092302777012,75.9399329143326,main,bright,8070,4443227,1.2327699661254883,0.52350920348535,298.08047,1.1774688529643156,1.1994185967917552,0.03495469547121233,8.252528155811036e-05,7314,7314
311,39633532154285050,120.42861250505511,76.04906995678859,main,bright,8071,4425115,1.2497699856758118,0.5307284470900562,264.88135,1.1237948599894612,1.1670556180834744,0.07338162599192233,9.018403099317855e-05,7315,7315
312,39633532204616551,132.75133141385055,76.02297770565843,main,bright,7993,4575148,1.3079099655151367,0.5554182232629784,298.85526,1.2127122626841331,1.2133083378062288,0.0,7.010781442040023e-05,7316,7316
313,39633532238170477,140.68785355683238,75.88124340806993,main,bright,7991,4588361,1.3942300081253052,0.5920749702582818,330.29202,0.8619988607273474,0.8624225523910377,1.1102230246251565e-16,6.0609284325564356e-05,7317,7317
314,39633532317860211,159.66963923075994,76.06066097448428,main,bright,8007,4576049,1.2178599834442139,0.5171775168187884,225.72311,1.2307152829436947,1.2835002185147817,0.07759463315296711,7.871397666992929e-05,7318,7318
315,39633532355609439,168.98277465042037,75.92973640026882,main,bright,7675,4471096,1.308014988899231,0.5554628225878041,264.86237,0.8549897229496792,1.0108870014312372,0.290168582112023,2.8917195228479082e-05,7319,7319
316,39633532384972188,176.7660774736827,75.97865899734711,main,bright,7671,4471104,1.2838749885559082,0.545211508312532,249.52444,0.8243449035135848,0.8244240726827459,0.00025633453246054483,0.002763493830253738,7320,7320
317,39633533597125309,114.06247549586514,76.34086345459166,main,bright,8078,4425129,1.059285044670105,0.4498369405786941,410.15326,1.1780160580152768,1.2091651446477203,0.05473303596321821,5.079056462688114e-05,7321,7321
318,39633533609709054,117.37323976522713,76.2167840377773,main,bright,8076,4425117,1.2265300154685974,0.5208593404225406,291.63687,1.3434407838591875,1.3480244024411956,0.004810103385853637,0.00019526386084283657,7322,7322
319,39633533630678983,122.27631993030138,76.18157550584526,main,bright,8071,4425114,1.2857400178909302,0.5460035133487373,305.71024,1.0516032523338195,1.054640223867235,0.006008879093969854,4.442728658779855e-05,7323,7323
320,39633533706174730,140.51164644352403,76.31044209142011,main,dark,7991,4575144,1.2122399806976318,0.514790921393613,267.5139,1.217520756554578,1.4090387699202476,0.21779173517757833,0.00021498762005176233,7324,7324
321,39633533735536422,148.32748352543322,76.21641862600822,main,bright,8011,4576056,1.2153400182724,0.5161073861405944,288.10196,1.2121270917315432,1.2528535468340074,0.05258735025675443,3.80044394293903e-05,7325,7325
322,39633533840392429,173.83439665529892,76.1661342172036,main,bright,7676,4471106,0.988737016916275,0.41987795160936814,259.37042,0.9911698599700891,0.9916570420605807,0.0,3.8291786014241e-05,7326,7326
323,39633533890727311,187.2013684163696,76.270830876538,main,bright,12028,3487297,1.169659972190857,0.4967088566529865,265.67377,1.0780383692532765,1.0939397549236323,0.02191472971171471,3.5396816607525196e-05,7327,7327
324,39633535039967015,114.1936730918753,76.39821638396013,main,bright,8078,4425129,1.0346100330352783,0.43935842792678476,369.88553,1.1845061234292014,1.2389647113606637,0.0894226237089144,6.234438816465053e-05,7328,7328
325,39633535153210925,142.35496302569464,76.50147860851537,main,bright,8034,4575153,1.1156499981880188,0.4737729324761867,304.5165,0.9424982404982107,0.9429614994022945,0.0,5.829662092191595e-05,7329,7329
326,39633535161598310,144.08895301879477,76.41756440996126,main,bright,8032,4575152,1.2425400018692017,0.5276581556587144,315.25586,0.9607988590012935,0.9714973907763662,0.021777166431873773,5.4668407380068236e-05,7330,7330
327,39633535190960067,151.97121920476948,76.46014324071812,main,bright,8014,4576064,1.0413900017738342,0.4422376155542481,243.1352,0.9113663506322012,0.9380023826988224,0.05723413209635664,4.4090719468578985e-05,7331,7331
328,39633535690082455,277.9238391363333,76.38800772164404,main,bright,16125,3693848,1.2603199481964111,0.5352086036705395,439.5975,1.0541931890715868,1.120493660021901,0.11589883123239075,0.00014138091346725128,7332,7332
329,39633536453446686,112.89325720998966,76.85336805812992,main,bright,8078,4425139,1.1943999528884888,0.5072149591255882,297.5178,0.9191442357724687,1.0304275184845972,0.13642276111207952,5.557428423731558e-05,7333,7333
330,39633536474418688,118.4015173073725,76.72729490365128,main,bright,8077,4425126,1.1710200309753418,0.4972864204406546,257.93015,1.1831131308996545,1.1836946573883809,0.0,4.3633446515748774e-05,7334,7334
331,39633536478609586,118.60585743249209,76.86161268045137,main,bright,8077,4425136,1.1397500038146973,0.48400726255908766,361.77414,1.5884213950519461,1.6452881296340292,0.06400081901606991,0.00027662821415070147,7335,7335
332,39633536537332562,134.40282063186712,76.7678103727156,main,bright,7998,4575167,1.3849400281906128,0.5881298790168956,270.8865,1.5209565308000748,1.5315002569139835,0.011396984894330053,0.0002873781409194198,7336,7336
333,39633536688325647,172.80526218137987,76.74488457635778,main,bright,7678,4471116,1.1678999662399292,0.49596145094160665,206.8841,0.9244969780054032,0.9328418161946046,0.014888696122701717,0.00028573349878393504,7337,7337
334,39633536709299190,178.73289607756854,76.84429625357717,main,bright,7677,4471121,1.1576899886131287,0.49162567265215934,245.52533,1.0514106502485203,1.051927442030878,0.0,2.4500680653646675e-05,7338,7338
335,39633536738658797,186.22097396112653,76.82921096755278,main,bright,12029,3487272,1.2368899583816528,0.5252588031054392,175.00949,1.147672042303852,1.1482361487071533,0.0,3.863407962354654e-05,7339,7339
336,39633537036455508,262.72399962160955,76.70074813895972,main,bright,11774,3681847,1.1992850303649902,0.5092894605240326,324.04367,1.3218270122590279,1.3218419430577195,0.0021680159445202074,0.00010107270798404396,7340,7340
337,39633537812401384,103.9982164264278,76.97442770536784,main,bright,8098,4372102,1.3070600032806396,0.5550572775353885,297.82843,1.2198174827334032,1.2603805102811423,0.06665659367518173,6.034588400410454e-05,7341,7341
338,39633537866924811,117.6677632218616,77.03008987784197,main,bright,8077,4425137,1.2715699672698975,0.5399860468969234,340.1679,1.1254993751678475,1.1275095176114778,0.0034732471622855865,6.898906717380249e-05,7342,7342
339,39633537896285724,125.60202545265555,77.11827357031147,main,bright,8083,4425132,1.2,0.5095930801728115,307.41318,1.0833188430354284,1.2084313834770277,0.1941460661569262,7.0146489710874e-05,7343,7343
340,39633537917259202,131.57789941848122,77.01358450235422,main,bright,7998,4575169,1.1219099760055542,0.4764313002910628,268.6173,1.0385441012588077,1.128295941164154,0.15290154574274295,7.655487419817264e-05,7344,7344
341,39633537917259202,131.57789941848122,77.01358450235422,main,dark,7998,4575169,1.1219099760055542,0.4764313002910628,268.6173,1.0385441012588077,1.128295941164154,0.15290154574274295,7.655487419817264e-05,7345,7345
342,39633537938227395,136.1368201022047,77.0121803418694,main,bright,7997,4575166,1.1893799901008606,0.5050831772095046,264.07413,0.9760372137236731,1.0530714160948789,0.14064413313444024,6.693476848499983e-05,7346,7346
343,39633537955007654,141.51623704001992,77.00079523904864,main,bright,8034,4575163,1.2818100452423096,0.5443346076262328,406.31137,1.0935309060055494,1.0938492758484188,0.000367052222244868,9.289704505949693e-05,7347,7347
344,39633537996948569,151.78780916554902,76.93039709131838,main,bright,8014,4576074,1.0936349630355835,0.4644240078316515,312.2781,1.0387400224368215,1.039250586323039,1.1102230246251565e-16,7.460791358385814e-05,7348,7348
345,39633538085030001,175.11502804521294,77.06427415175492,main,bright,7679,4471124,1.4162800312042236,0.6014387529071715,279.14993,1.2471423571105524,1.2676910359775555,0.024286528977988442,4.730778781628204e-05,7349,7349
346,39633538110195632,181.74965116150793,76.97128705090441,main,bright,12030,3487274,1.155964970588684,0.4908931249451341,170.59497,1.2195330980898018,1.2375862072864936,0.025735927253732083,5.4503125597714944e-05,7350,7350
347,39633539234270740,118.35642304775712,77.16296459112966,main,bright,8077,4425136,1.3659400343894958,0.5800613245465827,405.26184,1.2756629751064064,1.576521824145425,0.2540915573412129,8.245401187150067e-05,7351,7351
348,39633539326542488,142.1947386523396,77.30959482172732,main,bright,8034,4575173,1.274839997291565,0.5413747007894226,329.0779,0.94694035351651,0.9746013128714677,0.05533579442567904,6.318000633093395e-05,7352,7352
349,39633539339128332,146.2918208859872,77.21776689729788,main,bright,8035,4576084,1.1391500234603882,0.483752474361758,268.97006,1.042234907306477,1.0902722563109517,0.07030955047182585,9.295505423920675e-05,7353,7353
350,39633539347515894,148.32166006207137,77.13806951923489,main,bright,8033,4576083,1.1787750124931335,0.5005796578726002,284.49893,0.9709528820021127,1.13860977777897,0.15206453241130058,7.55792683115604e-05,7354,7354
351,39633539347516136,148.3888875515101,77.32776784889813,main,bright,8033,4576083,1.1913250088691711,0.5059091506304524,260.52362,0.8797640450859228,1.0116435655715001,0.24417642945979312,3.8443756426901325e-05,7355,7355
352,39633539485928678,185.5804026322592,77.30398018050185,main,bright,12029,3487317,1.2307900190353394,0.5226683973718098,167.00423,1.147795057382097,1.1483592242500524,1.1102230246251565e-16,4.528877437160365e-05,7356,7356
353,39633540534504089,106.70704191747778,77.48690708665501,main,bright,8100,4372108,1.3164849877357483,0.5590596999179382,325.6996,1.0626861305712054,1.0913868625741316,0.0541504830138132,5.3638611166749225e-05,7357,7357
354,39633540576445972,117.81693803378111,77.47417089127882,main,bright,8088,4425147,1.3362749814987183,0.5674637364831654,363.4924,1.444144590334022,1.6422747810159914,0.16084189253299563,0.00013564324474789986,7358,7358
355,39633540589030127,121.7302531811532,77.55987724797714,main,bright,8089,4425145,1.154539942741394,0.4902879713367736,347.1643,1.0288972765215394,1.029403002478634,0.0,4.845118304464254e-05,7359,7359
356,39633540601613733,125.07463471461412,77.4231837548908,main,bright,8083,4425143,1.2,0.5095930801728115,294.13092,1.005021228832488,1.1665252393087555,0.2548803503560487,6.624351214058848e-05,7360,7360
357,39633540773576793,170.8999103042148,77.44310449734586,main,bright,8020,4471136,1.1638349890708923,0.49423521407793863,273.17078,1.0827399300335308,1.0832721208555847,0.0,3.417968324082935e-05,7361,7361
358,39633540823909592,184.95821972206073,77.54633015250604,main,bright,12031,3487317,1.2277599573135376,0.5213816486335376,192.72446,1.0031537294698587,1.0106178845367262,0.011687097504929134,4.0851863143551905e-05,7362,7362
359,39633540840688688,190.0988655089192,77.52295628346394,main,bright,12200,3487315,1.2015600204467773,0.5102555598599829,286.97678,1.1106264681497338,1.1111723658271762,0.0,3.46013339239745e-05,7363,7363
360,39633543151749239,108.47071186509878,78.03777280625722,main,bright,8101,4372127,1.278249979019165,0.5428227866993399,249.08922,1.1030272676107458,1.1214780828616027,0.024841922506905534,0.0002700042177391913,7365,7365
361,39633543164333754,112.47287653435951,77.95099579769831,main,bright,8079,4425169,1.2935999631881714,0.5493413247937464,341.66183,1.0744821463704615,1.2275739448357723,0.2329792810185981,0.00020630812333719185,7366,7366
362,39633543294356777,149.11687466852678,77.94950990352517,main,bright,8038,4576090,1.4385299682617188,0.610887431206155,446.10764,1.5489614974976713,2.073382728151856,0.3776761401482778,0.00010225146015579916,7367,7367
363,39633544414235968,107.27787520730509,78.36067832234977,main,bright,8101,4372127,1.4274799823760986,0.6061949342533889,302.66577,1.0633170221568755,1.063839666186553,0.0,0.00010607990870851528,7368,7368
364,39633544443593438,115.02963880073835,78.33004502303434,main,bright,8090,4425168,1.3752999901771545,0.5840361317966779,405.11044,1.006988481030888,1.0402492571526412,0.049084029988198496,5.8705630914063914e-05,7369,7369
365,39633544540062127,142.69683031264148,78.18345648077278,main,bright,8041,4575193,1.334814965724945,0.5668437248704504,277.63763,1.000432536331229,1.004240309249632,0.006322561705908614,6.234213170073707e-05,7370,7370
366,39633544699446169,188.8031761833616,78.16446274893543,main,bright,12201,3487333,1.242805004119873,0.5277706917530247,246.94858,1.4967042483335649,1.5165735952461858,0.025080743620188084,0.00013943963307539798,7371,7371
367,39633545659943957,108.20173742303577,78.41198587467908,main,bright,8101,4372137,1.3606650233268738,0.5778212336004599,267.45856,1.1813995017714245,1.2071600041583166,0.046112568431263434,3.9263075896897816e-05,7372,7372
368,39633545668329522,109.73675099184122,78.44500663296867,main,bright,8101,4372136,1.2818949818611145,0.5443706768872296,226.03119,1.0860336224177831,1.0946513182805537,0.016297192947918204,5.32692685993572e-05,7373,7373
369,39633545865461989,167.7543413051052,78.46320145548022,main,bright,8025,4471165,1.3031200170516968,0.5533841194368506,334.16873,1.2153943019858677,1.40729540438579,0.2117658838444363,0.00010136418607040271,7374,7374
370,39633561187257961,130.72653565841682,82.3181961387743,sv1,bright,8142,3407044,1.3054900169372559,0.5543905657215933,220.36804,1.1070346217231555,1.1763692707739841,0.10693995785469268,2.5782822986282264e-05,7375,7375
371,39633562068059762,156.4732434308656,82.55788667117218,sv1,bright,8145,3407287,1.4820899963378906,0.6293856719392804,270.1142,0.9919081232970846,1.03886123898896,0.09608181645502589,2.2844527579628195e-05,7376,7376
372,39633563640922582,160.24975190033044,82.95636335297652,sv1,dark,8145,3407260,1.5101100206375122,0.6412846806804148,191.52979,3.5344383334924863,3.6841340151607453,0.06508765353202028,0.0001261024565584395,7377,7377
373,39633565066987897,142.78617589054093,83.57248462005933,sv1,bright,8152,3407164,1.604159951210022,0.6812240088558184,228.16591,0.9866108253112225,1.0752907187841176,0.15370493025651422,1.5869984486821536e-05,7378,7378
374,39633565759047276,142.56409100504783,83.84948200307214,sv1,bright,8154,3407174,1.5370349884033203,0.6527186617281913,288.909,1.379991863803894,1.3806701605804823,0.0,1.7022415632914493e-05,7379,7379
375,39636375967894717,352.3203152832646,-8.697084463799902,main,dark,17325,3934597,1.0697349905967712,0.45427462402236846,187.52048,0.9056384003174734,0.9628173889071995,0.10279940495762907,5.75755844670359e-05,7382,7382
376,39636443164837849,65.88941130918602,-5.725496689568424,main,bright,22756,4299260,1.116189956665039,0.47400223172907846,166.37946,0.9869371995205273,1.0141369988417839,0.05459233938379293,4.217128748599715e-05,7383,7383
377,39636479147774497,57.56537049695057,-4.158992611431513,main,bright,23067,4167077,1.170424997806549,0.4970337331195795,275.44012,1.0758943294562808,1.1119392506613244,0.0649365499631751,7.339090254863425e-05,7384,7384
378,39636526379831169,355.21556522334095,-2.509498232908671,main,bright,18758,3965914,1.0178250074386597,0.4322304838479844,154.29323,1.037969976108333,1.0572915552439188,0.04453574291290674,7.174789214394195e-05,7385,7385
379,39636566829699876,246.17116422141984,-0.7104864526598784,main,bright,31316,3591131,1.208009958267212,0.5129945962606816,246.98851,0.9083693983205248,0.9628157798195872,0.10762467384186436,6.70266527440764e-05,7386,7386
380,39636584965871752,247.21029497119517,-0.0966314675069442,main,dark,31317,3591092,1.0964000225067139,0.46559822047561344,139.01749,0.8629913323394982,0.8721979168571938,0.01778957326927666,1.6222682000048583e-05,7387,7387
381,39636639047222414,230.54459680961423,2.3679851378758157,main,bright,31417,3579204,1.0138700008392334,0.43055094718539655,254.0293,2.5318836004630465,3.631843966799776,0.4303365767997517,0.003207980899682625,7388,7388
382,39636669426569943,242.2983904348623,3.4440125120069287,main,bright,31357,3861395,0.9904270172119141,0.42059562865615785,215.38507,1.0493603133406006,1.089273702012886,0.07087699675625236,7.640966143221372e-05,7389,7389
383,39636669426569943,242.2983904348623,3.4440125120069287,main,dark,31357,3861395,0.9904270172119141,0.42059562865615785,215.38507,1.0493603133406006,1.089273702012886,0.07087699675625236,7.640966143221372e-05,7390,7390
384,39636690062548247,34.09238408343891,4.5945054881138825,main,bright,17882,4020597,1.0433499813079834,0.44306994222748375,183.3488,0.8777712913550173,0.9900184281697056,0.185370219513721,0.00010931597075283149,7391,7391
385,39636695057958746,332.4946792810932,4.397467708944074,main,bright,19242,3874828,1.072219967842102,0.455329896696208,215.79526,0.9850363982191704,1.0100972657670437,0.048997972170081394,7.118715853774785e-05,7392,7392
386,39636751764952454,127.1054334770318,7.1151026687976815,main,bright,4234,4481370,1.2529300451278687,0.5320704007814752,176.80861,1.7347282926563643,1.8894584248023776,0.12564275754476728,0.0001105545042260207,7393,7393
387,39636765790704422,248.90692140444187,7.61521674985632,main,bright,31543,3861925,1.079200029373169,0.4582940559090514,217.93211,0.807307809736017,0.8838655973111732,0.1654042468686806,4.601851811605049e-05,7394,7394
388,39636785336161006,344.0352919019236,8.339014675270287,main,bright,19277,3875539,1.1136499643325806,0.47292359629881775,181.76686,0.8805591784313332,0.8824376528967858,0.009915298960631369,6.10732116434181e-05,7395,7395
389,39636821931463173,31.404213017263004,10.094319704020004,main,bright,18268,4020856,1.1458699703216553,0.4866061730447836,200.71599,1.1008903208873821,1.1734733324956168,0.08654255969394875,3.555440517492221e-05,7396,7396
390,39636837286808458,240.3236244568797,10.442963948125383,main,bright,31655,3862233,1.090939998626709,0.46327956181992275,156.80876,0.9936951907355966,1.078379418720127,0.14111840824721367,8.064342718467324e-05,7397,7397
391,39636962746827120,354.8300447492228,15.82254424396398,main,bright,20033,3974324,1.184755027294159,0.5031191363408781,94.088196,0.9997598377309612,1.0179755891654558,0.03551303675126616,1.8367037780808005e-05,7399,7399
